Ranking,Total_Score,Relative_Score,City,State_id,Lat,Lng,Emotional,Income,Environment,year
1,77.55,0.970709726,Fremont,CA,37.5265,-121.9852,2,1,1,2017
2,75.79,0.948679434,San Jose,CA,37.3021,-121.8489,1,3,15,2017
3,70.99,0.888596821,Irvine,CA,33.6772,-117.7738,5,9,6,2017
4,69.2,0.866191013,San Francisco,CA,37.7562,-122.443,3,2,101,2017
5,67.63,0.846538991,Sioux Falls,SD,43.5397,-96.7321,10,21,3,2017
6,67.32,0.842658656,Huntington Beach,CA,33.696,-118.0025,6,11,45,2017
7,65.8,0.823632495,San Diego,CA,32.8312,-117.1225,8,7,40,2017
8,65.52,0.820127676,Oakland,CA,37.7903,-122.2165,4,34,119,2017
9,65.29,0.817248717,Santa Rosa,CA,38.4458,-122.7067,20,15,23,2017
10,65.14,0.815371135,Washington,DC,38.9047,-77.0163,13,6,65,2017
11,64.82,0.811365628,Chula Vista,CA,32.6281,-117.0145,15,27,17,2017
12,64.79,0.810990111,Santa Clarita,CA,34.4155,-118.4992,17,29,29,2017
13,64.61,0.808737013,Scottsdale,AZ,33.6872,-111.8651,34,12,2,2017
14,64.35,0.805482538,Garden Grove,CA,33.7787,-117.9601,11,45,43,2017
15,64.28,0.804606334,Madison,WI,43.0827,-89.3923,28,13,22,2017
16,63.87,0.799474277,Gilbert,AZ,33.3103,-111.7463,37,4,9,2017
17,63.86,0.799349105,Overland Park,KS,38.887,-94.687,32,17,20,2017
18,63.48,0.794592565,Anaheim,CA,33.839,-117.8573,14,37,62,2017
19,63.43,0.793966704,Plano,TX,33.0502,-96.7487,30,14,41,2017
20,63.43,0.793966704,Glendale,CA,34.1818,-118.2468,16,70,27,2017
21,63.16,0.790587057,Seattle,WA,47.6211,-122.3244,25,5,76,2017
22,63.01,0.788709476,Austin,TX,30.3006,-97.7517,12,33,74,2017
23,62.88,0.787082238,Raleigh,NC,35.8324,-78.6438,7,46,81,2017
24,62.59,0.783452247,Minneapolis,MN,44.9635,-93.2678,9,20,125,2017
25,62.43,0.781449493,St. Paul,MN,44.9477,-93.104,19,38,80,2017
26,61.95,0.775441232,Lincoln,NE,40.8088,-96.6796,31,48,37,2017
27,61.83,0.773939166,Oceanside,CA,33.2247,-117.3083,18,80,36,2017
28,61.68,0.772061585,Chandler,AZ,33.2827,-111.8517,39,10,39,2017
29,61.41,0.768681938,Aurora,CO,39.7084,-104.7274,22,52,63,2017
30,60.86,0.761797472,Peoria,AZ,33.7844,-112.299,49,22,8,2017
31,60.56,0.758042308,Oxnard,CA,34.1962,-119.1819,33,77,13,2017
32,60.35,0.755413694,Honolulu,HI,21.3294,-157.846,29,19,108,2017
33,60.23,0.753911628,Boise,ID,43.6007,-116.2312,48,16,30,2017
34,60.22,0.753786456,Grand Prairie,TX,32.687,-97.0209,57,36,4,2017
35,59.94,0.750281637,Aurora,IL,41.7637,-88.2901,42,62,10,2017
36,59.91,0.749906121,Los Angeles,CA,34.1139,-118.4068,24,49,97,2017
37,59.25,0.741644762,Denver,CO,39.7621,-104.8759,27,79,86,2017
38,59.12,0.740017524,Tempe,AZ,33.3881,-111.9318,44,24,68,2017
39,59.05,0.739141319,Durham,NC,35.9795,-78.9032,26,50,106,2017
40,59.05,0.739141319,Long Beach,CA,33.798,-118.1675,21,95,110,2017
41,59.05,0.739141319,Charlotte,NC,35.2079,-80.8304,45,96,7,2017
42,58.72,0.73501064,El Paso,TX,31.8479,-106.4309,35,75,53,2017
43,58.69,0.734635123,Rancho Cucamonga,CA,34.1248,-117.5666,69,8,51,2017
44,58.65,0.734134435,Cape Coral,FL,26.6445,-81.9955,43,63,28,2017
45,58.42,0.731255476,Santa Ana,CA,33.7366,-117.8819,23,72,129,2017
46,58.41,0.731130304,Colorado Springs,CO,38.8674,-104.7606,65,41,16,2017
47,57.93,0.725122043,Garland,TX,32.91,-96.6305,41,60,67,2017
48,57.9,0.724746526,Des Moines,IA,41.5725,-93.6105,36,91,72,2017
49,57.43,0.718863437,Salt Lake City,UT,40.7774,-111.93,46,69,48,2017
50,57.33,0.717611716,Irving,TX,32.8584,-96.9702,50,31,93,2017
51,57.27,0.716860683,Omaha,NE,41.2628,-96.0498,47,57,70,2017
52,57.25,0.716610339,Yonkers,NY,40.9466,-73.8674,38,55,123,2017
53,57.12,0.714983102,Mesa,AZ,33.4017,-111.7181,52,47,71,2017
54,57.06,0.714232069,Fort Worth,TX,32.7812,-97.3472,61,88,25,2017
55,56.93,0.712604832,Boston,MA,42.3188,-71.0846,40,25,126,2017
56,56.9,0.712229315,Grand Rapids,MI,42.9615,-85.6557,74,39,31,2017
57,56.79,0.710852422,Orlando,FL,28.4772,-81.3369,54,86,44,2017
58,56.32,0.704969333,Virginia Beach,VA,36.7335,-76.0435,67,81,33,2017
59,56.11,0.702340718,Portland,OR,45.5371,-122.65,81,18,66,2017
60,56.1,0.702215546,Port St. Lucie,FL,27.2796,-80.3884,73,98,11,2017
61,56.08,0.701965202,Anchorage,AK,61.1508,-149.1091,55,53,107,2017
62,56.03,0.701339342,Fontana,CA,34.0968,-117.4599,89,30,24,2017
63,55.83,0.698835899,Reno,NV,39.5497,-119.8483,68,40,78,2017
64,55.78,0.698210039,Riverside,CA,33.9381,-117.3948,87,23,60,2017
65,55.58,0.695706597,Pembroke Pines,FL,26.0128,-80.3382,71,68,57,2017
66,55.33,0.692577294,Chesapeake,VA,36.6778,-76.3024,90,78,12,2017
67,55.17,0.69057454,Jersey City,NJ,40.7161,-74.0683,62,61,112,2017
68,54.96,0.687945926,Henderson,NV,36.0146,-115.0362,102,35,26,2017
69,54.95,0.687820754,Arlington,TX,32.6998,-97.1251,56,101,87,2017
70,54.66,0.684190762,New York,NY,40.6943,-73.9249,66,83,89,2017
71,54.63,0.683815246,Nashville,TN,36.1715,-86.7843,85,99,19,2017
72,54.55,0.682813869,San Antonio,TX,29.4658,-98.5254,79,71,54,2017
73,54.33,0.680060083,Greensboro,NC,36.0956,-79.8268,78,87,50,2017
74,54.29,0.679559394,Huntsville,AL,34.6988,-86.6412,94,89,18,2017
75,54.14,0.677681812,Tacoma,WA,47.2431,-122.4531,75,53,114,2017
76,53.97,0.675553887,Tallahassee,FL,30.4551,-84.2527,86,73,55,2017
77,53.93,0.675053198,Glendale,AZ,33.5797,-112.2258,59,106,109,2017
78,53.9,0.674677682,Sacramento,CA,38.5667,-121.4683,64,51,128,2017
79,53.66,0.671673551,Laredo,TX,27.5617,-99.4874,63,116,58,2017
80,53.52,0.669921142,Kansas City,MO,39.1239,-94.5541,82,65,79,2017
81,53.32,0.667417699,Lubbock,TX,33.5642,-101.8871,101,32,83,2017
82,53.03,0.663787708,Moreno Valley,CA,33.9244,-117.2045,95,85,46,2017
83,52.97,0.663036675,Atlanta,GA,33.7627,-84.4225,51,114,122,2017
84,52.7,0.659657028,Tucson,AZ,32.1545,-110.8782,72,110,75,2017
85,52.67,0.659281512,Phoenix,AZ,33.5722,-112.0891,60,115,118,2017
86,52.62,0.658655652,Dallas,TX,32.7936,-96.7662,53,103,135,2017
87,52.57,0.658029791,Chicago,IL,41.8373,-87.6862,58,120,116,2017
88,52.57,0.658029791,Ontario,CA,34.0393,-117.6064,92,64,103,2017
89,52.27,0.654274628,Vancouver,WA,45.6367,-122.597,99,42,85,2017
91,52.11,0.652271874,Oklahoma City,OK,35.4676,-97.5137,114,74,14,2017
92,51.95,0.65026912,Albuquerque,NM,35.1053,-106.6464,100,108,32,2017
93,51.77,0.648016022,Winston-Salem,NC,36.1029,-80.261,83,112,73,2017
94,51.69,0.647014645,Wichita,KS,37.6897,-97.3441,91,90,117,2017
95,51.51,0.644761547,Columbus,OH,39.986,-82.9851,106,102,38,2017
96,51.47,0.644260859,Springfield,MO,37.1943,-93.2915,115,28,99,2017
97,51.23,0.641256728,Amarillo,TX,35.1989,-101.831,111,76,49,2017
98,51.14,0.640130179,Spokane,WA,47.6671,-117.433,108,58,69,2017
99,51.1,0.639629491,Pittsburgh,PA,40.4396,-79.9763,109,44,102,2017
100,50.67,0.63424709,Fort Wayne,IN,41.0885,-85.1436,112,43,121,2017
101,50.07,0.626736763,Modesto,CA,37.6374,-121.0028,110,113,34,2017
102,49.95,0.625234698,Brownsville,TX,25.998,-97.4565,84,143,56,2017
103,49.9,0.624608837,Miami,FL,25.7839,-80.2102,76,100,147,2017
104,49.78,0.623106772,Houston,TX,29.7869,-95.3905,70,133,131,2017
105,49.77,0.6229816,Fort Lauderdale,FL,26.1412,-80.1464,80,119,145,2017
106,49.38,0.618099887,San Bernardino,CA,34.1417,-117.2945,98,124,92,2017
107,49.22,0.616097134,Las Vegas,NV,36.2333,-115.2654,118,93,91,2017
108,49.06,0.61409438,Stockton,CA,37.9766,-121.3111,97,128,95,2017
109,48.72,0.609838528,Chattanooga,TN,35.0657,-85.2487,117,82,104,2017
110,48.69,0.609463012,Richmond,VA,37.5295,-77.4756,88,118,144,2017
111,48.65,0.608962323,North Las Vegas,NV,36.288,-115.0901,128,94,64,2017
112,48.64,0.608837151,Fresno,CA,36.7831,-119.7941,93,141,98,2017
113,48.43,0.606208537,Hialeah,FL,25.8696,-80.3046,77,144,138,2017
114,48.31,0.604706471,Bakersfield,CA,35.353,-119.0359,124,127,35,2017
115,48.18,0.603079234,Newport News,VA,37.1051,-76.5185,104,117,124,2017
116,47.98,0.600575792,Jacksonville,FL,30.3322,-81.6749,125,104,59,2017
117,47.93,0.599949931,Providence,RI,41.823,-71.4187,129,59,90,2017
118,47.73,0.597446489,Knoxville,TN,35.9692,-83.9496,133,97,47,2017
119,47.04,0.588809613,Baton Rouge,LA,30.4419,-91.131,123,56,140,2017
120,46.69,0.584428589,Tampa,FL,27.9942,-82.4451,121,125,88,2017
121,46.65,0.583927901,Worcester,MA,42.2705,-71.8079,120,84,137,2017
122,46.6,0.58330204,St. Petersburg,FL,27.793,-82.6652,130,67,111,2017
123,46.5,0.582050319,Milwaukee,WI,43.0642,-87.9673,105,130,133,2017
124,46.44,0.581299287,New Orleans,LA,30.0687,-89.9288,143,107,5,2017
125,46.4,0.580798598,Rochester,NY,43.168,-77.6162,103,140,130,2017
126,46.18,0.578044812,Indianapolis,IN,39.7771,-86.1458,134,123,42,2017
127,45.92,0.574790337,Tulsa,OK,36.1284,-95.9043,136,66,82,2017
128,45.76,0.572787583,Montgomery,AL,32.3473,-86.2666,122,137,94,2017
129,45.33,0.567405182,Little Rock,AR,34.7255,-92.358,144,26,52,2017
130,45.3,0.567029666,Baltimore,MD,39.3051,-76.6144,113,121,139,2017
131,45.07,0.564150707,Memphis,TN,35.1046,-89.9773,119,139,115,2017
132,45.06,0.564025535,Louisville,KY,38.1663,-85.6485,138,132,21,2017
133,44.95,0.562648642,Norfolk,VA,36.8945,-76.259,116,134,136,2017
134,44.46,0.556515208,Corpus Christi,TX,27.7261,-97.3755,135,109,96,2017
135,44.14,0.552509701,Buffalo,NY,42.9017,-78.8487,126,131,132,2017
136,43.59,0.545625235,Cincinnati,OH,39.1412,-84.506,127,136,127,2017
137,43.34,0.542495932,St. Louis,MO,38.6358,-90.2451,132,105,142,2017
138,43.06,0.538991113,Jackson,MS,32.3163,-90.2124,137,111,113,2017
139,42.93,0.537363875,Philadelphia,PA,40.0077,-75.1339,142,122,77,2017
140,42.77,0.535361122,Akron,OH,41.0798,-81.5219,131,129,141,2017
141,42.2,0.528226311,Newark,NJ,40.7245,-74.1725,107,149,150,2017
142,41.16,0.515208412,Fayetteville,NC,35.0846,-78.9776,141,145,120,2017
143,40.04,0.501189135,Shreveport,LA,32.4659,-93.7959,148,135,105,2017
144,39.2,0.490674678,Mobile,AL,30.6782,-88.1163,147,142,100,2017
145,39.03,0.488546752,Columbus,GA,32.51,-84.8771,145,147,84,2017
146,38.62,0.483414695,Toledo,OH,41.6639,-83.5822,146,126,143,2017
147,38,0.475654024,Birmingham,AL,33.5277,-86.7987,139,146,146,2017
148,37.5,0.469395419,Augusta,GA,33.3645,-82.0708,149,138,134,2017
149,37,0.463136813,Cleveland,OH,41.4767,-81.6805,140,148,148,2017
150,36.8,0.460633371,Detroit,MI,42.3834,-83.1024,150,150,149,2017
1,79.89,1,Fremont,CA,37.5265,-121.9852,,,,2018
2,78.37,0.980973839,Bismarck,ND,46.814,-100.7695,,,,2018
3,76.44,0.956815621,San Jose,CA,37.3021,-121.8489,,,,2018
4,75.19,0.941169108,Pearl City,HI,21.4031,-157.9566,,,,2018
5,73.62,0.921517086,Plano,TX,33.0502,-96.7487,,,,2018
6,73.46,0.919514332,Fargo,ND,46.8653,-96.8292,,,,2018
7,71.96,0.900738515,Sioux Falls,SD,43.5397,-96.7321,,,,2018
8,71.17,0.890849919,Irvine,CA,33.6772,-117.7738,,,,2018
9,70.69,0.884841657,Huntington Beach,CA,33.696,-118.0025,,,,2018
10,70.54,0.882964076,Grand Prairie,TX,32.687,-97.0209,,,,2018
11,70.06,0.876955814,Madison,WI,43.0827,-89.3923,,,,2018
12,69.53,0.870321692,Columbia,MD,39.2004,-76.859,,,,2018
13,69.28,0.86719239,San Francisco,CA,37.7562,-122.443,,,,2018
14,68.61,0.858805858,Scottsdale,AZ,33.6872,-111.8651,,,,2018
15,68.12,0.852672425,Overland Park,KS,38.887,-94.687,,,,2018
16,67.95,0.850544499,Santa Clarita,CA,34.4155,-118.4992,,,,2018
17,67.46,0.844411065,Glendale,CA,34.1818,-118.2468,,,,2018
18,67.18,0.840906246,Oakland,CA,37.7903,-122.2165,,,,2018
19,67.16,0.840655902,St. Paul,MN,44.9477,-93.104,,,,2018
20,66.24,0.829140068,Gilbert,AZ,33.3103,-111.7463,,,,2018
21,66.11,0.82751283,Austin,TX,30.3006,-97.7517,,,,2018
22,66.05,0.826761797,Santa Rosa,CA,38.4458,-122.7067,,,,2018
23,65.99,0.826010765,Lincoln,NE,40.8088,-96.6796,,,,2018
24,65.98,0.825885593,Des Moines,IA,41.5725,-93.6105,,,,2018
25,65.78,0.82338215,Irving,TX,32.8584,-96.9702,,,,2018
26,65.72,0.822631118,Honolulu,HI,21.3294,-157.846,,,,2018
27,65.68,0.822130429,Garden Grove,CA,33.7787,-117.9601,,,,2018
28,65.62,0.821379397,Cedar Rapids,IA,41.9667,-91.6781,,,,2018
29,65.58,0.820878708,Anaheim,CA,33.839,-117.8573,,,,2018
30,65.57,0.820753536,Garland,TX,32.91,-96.6305,,,,2018
31,65.42,0.818875954,Minneapolis,MN,44.9635,-93.2678,,,,2018
32,65.37,0.818250094,San Diego,CA,32.8312,-117.1225,,,,2018
33,64.9,0.812367005,Charleston,SC,32.8151,-79.963,,,,2018
34,64.87,0.811991488,Seattle,WA,47.6211,-122.3244,,,,2018
35,64.55,0.807985981,Chula Vista,CA,32.6281,-117.0145,,,,2018
36,64.47,0.806984604,Rancho Cucamonga,CA,34.1248,-117.5666,,,,2018
37,64.26,0.804355989,Cape Coral,FL,26.6445,-81.9955,,,,2018
38,64.1,0.802353236,Port St. Lucie,FL,27.2796,-80.3884,,,,2018
39,64.09,0.802228064,Fort Worth,TX,32.7812,-97.3472,,,,2018
40,63.96,0.800600826,Chandler,AZ,33.2827,-111.8517,,,,2018
41,63.9,0.799849793,Raleigh,NC,35.8324,-78.6438,,,,2018
42,63.89,0.799724621,Peoria,AZ,33.7844,-112.299,,,,2018
43,63.82,0.798848417,Oceanside,CA,33.2247,-117.3083,,,,2018
44,63.71,0.797471523,Portland,ME,43.6773,-70.2715,,,,2018
45,63.7,0.797346351,Aurora,IL,41.7637,-88.2901,,,,2018
46,63.69,0.797221179,El Paso,TX,31.8479,-106.4309,,,,2018
47,63.59,0.795969458,Brownsville,TX,25.998,-97.4565,,,,2018
48,63.21,0.791212918,Chesapeake,VA,36.6778,-76.3024,,,,2018
49,63.2,0.791087746,Pembroke Pines,FL,26.0128,-80.3382,,,,2018
50,63.17,0.790712229,Arlington,TX,32.6998,-97.1251,,,,2018
51,63.11,0.789961197,Charlotte,NC,35.2079,-80.8304,,,,2018
52,63.1,0.789836025,Burlington,VT,44.4877,-73.2314,,,,2018
53,62.89,0.78720741,Oxnard,CA,34.1962,-119.1819,,,,2018
54,62.8,0.786080861,Virginia Beach,VA,36.7335,-76.0435,,,,2018
55,62.55,0.782951558,Aurora,CO,39.7084,-104.7274,,,,2018
56,62.54,0.782826386,Durham,NC,35.9795,-78.9032,,,,2018
57,62.27,0.779446739,Boise,ID,43.6007,-116.2312,,,,2018
58,62.16,0.778069846,Tempe,AZ,33.3881,-111.9318,,,,2018
59,62.14,0.777819502,Grand Rapids,MI,42.9615,-85.6557,,,,2018
60,61.99,0.77594192,Missoula,MT,46.8685,-114.0095,,,,2018
61,61.83,0.773939166,Yonkers,NY,40.9466,-73.8674,,,,2018
62,61.53,0.770184003,Omaha,NE,41.2628,-96.0498,,,,2018
63,61.53,0.770184003,Boston,MA,42.3188,-71.0846,,,,2018
64,61.47,0.76943297,Rapid City,SD,44.0716,-103.2205,,,,2018
65,61.43,0.768932282,Billings,MT,45.7889,-108.5509,,,,2018
66,61.39,0.768431593,Denver,CO,39.7621,-104.8759,,,,2018
67,61.38,0.768306421,Fontana,CA,34.0968,-117.4599,,,,2018
68,61.24,0.766554012,Colorado Springs,CO,38.8674,-104.7606,,,,2018
69,61,0.763549881,Juneau,AK,58.4546,-134.1739,,,,2018
70,60.87,0.761922644,Long Beach,CA,33.798,-118.1675,,,,2018
71,60.57,0.75816748,Santa Ana,CA,33.7366,-117.8819,,,,2018
72,60.46,0.756790587,Cheyenne,WY,41.1405,-104.7927,,,,2018
73,60.35,0.755413694,Washington,DC,38.9047,-77.0163,,,,2018
74,60.01,0.751157842,Tallahassee,FL,30.4551,-84.2527,,,,2018
75,60,0.75103267,Los Angeles,CA,34.1139,-118.4068,,,,2018
76,59.94,0.750281637,Anchorage,AK,61.1508,-149.1091,,,,2018
77,59.61,0.746150958,Mesa,AZ,33.4017,-111.7181,,,,2018
78,59.59,0.745900613,Las Cruces,NM,32.3265,-106.7893,,,,2018
79,59.52,0.745024409,Riverside,CA,33.9381,-117.3948,,,,2018
80,59.51,0.744899236,New York,NY,40.6943,-73.9249,,,,2018
81,59.15,0.74039304,Dallas,TX,32.7936,-96.7662,,,,2018
82,59.06,0.739266491,Moreno Valley,CA,33.9244,-117.2045,,,,2018
83,58.99,0.738390287,Nashua,NH,42.7491,-71.491,,,,2018
84,58.86,0.736763049,South Burlington,VT,44.4622,-73.2203,,,,2018
85,58.86,0.736763049,Ontario,CA,34.0393,-117.6064,,,,2018
86,58.82,0.736262361,Portland,OR,45.5371,-122.65,,,,2018
87,58.66,0.734259607,Jersey City,NJ,40.7161,-74.0683,,,,2018
88,58.48,0.732006509,Reno,NV,39.5497,-119.8483,,,,2018
89,58.42,0.731255476,Orlando,FL,28.4772,-81.3369,,,,2018
90,58.14,0.727750657,Pittsburgh,PA,40.4396,-79.9763,,,,2018
91,58.12,0.727500313,Fort Lauderdale,FL,26.1412,-80.1464,,,,2018
92,58.04,0.726498936,Amarillo,TX,35.1989,-101.831,,,,2018
93,57.73,0.722618601,Laredo,TX,27.5617,-99.4874,,,,2018
94,57.39,0.718362749,San Antonio,TX,29.4658,-98.5254,,,,2018
95,57.32,0.717486544,Warwick,RI,41.7062,-71.4334,,,,2018
96,57.18,0.715734134,Atlanta,GA,33.7627,-84.4225,,,,2018
97,56.78,0.71072725,Kansas City,MO,39.1239,-94.5541,,,,2018
98,56.75,0.710351734,Salt Lake City,UT,40.7774,-111.93,,,,2018
99,56.66,0.709225185,Chicago,IL,41.8373,-87.6862,,,,2018
100,56.54,0.707723119,Modesto,CA,37.6374,-121.0028,,,,2018
101,56.51,0.707347603,Casper,WY,42.842,-106.3207,,,,2018
102,56.43,0.706346226,Nampa,ID,43.5843,-116.5628,,,,2018
103,56.09,0.702090374,Lewiston,ME,44.0915,-70.1681,,,,2018
104,55.94,0.700212793,Nashville,TN,36.1715,-86.7843,,,,2018
105,55.86,0.699211416,Henderson,NV,36.0146,-115.0362,,,,2018
106,55.81,0.698585555,Vancouver,WA,45.6367,-122.597,,,,2018
107,55.74,0.69770935,Fort Wayne,IN,41.0885,-85.1436,,,,2018
108,55.73,0.697584178,Tacoma,WA,47.2431,-122.4531,,,,2018
109,55.48,0.694454875,Huntsville,AL,34.6988,-86.6412,,,,2018
110,55.39,0.693328326,Manchester,NH,42.9848,-71.4447,,,,2018
111,55.28,0.691951433,West Valley City,UT,40.6889,-112.0115,,,,2018
112,55.21,0.691075228,Columbus,OH,39.986,-82.9851,,,,2018
113,54.86,0.686694205,Houston,TX,29.7869,-95.3905,,,,2018
114,54.7,0.684691451,Sacramento,CA,38.5667,-121.4683,,,,2018
115,54.49,0.682062836,Glendale,AZ,33.5797,-112.2258,,,,2018
116,53.73,0.672549756,Salem,OR,44.9232,-123.0245,,,,2018
117,53.6,0.670922518,Columbia,SC,34.0376,-80.9037,,,,2018
118,53.48,0.669420453,Springfield,MO,37.1943,-93.2915,,,,2018
119,53.47,0.669295281,Greensboro,NC,36.0956,-79.8268,,,,2018
121,53.45,0.669044937,Newport News,VA,37.1051,-76.5185,,,,2018
122,53.41,0.668544248,Phoenix,AZ,33.5722,-112.0891,,,,2018
123,53.4,0.668419076,Spokane,WA,47.6671,-117.433,,,,2018
124,53.25,0.666541495,Hialeah,FL,25.8696,-80.3046,,,,2018
125,53.16,0.665414946,Bakersfield,CA,35.353,-119.0359,,,,2018
126,52.85,0.66153461,Miami,FL,25.7839,-80.2102,,,,2018
127,52.52,0.65740393,Tampa,FL,27.9942,-82.4451,,,,2018
128,52.35,0.655276005,San Bernardino,CA,34.1417,-117.2945,,,,2018
129,52.1,0.652146702,Wichita,KS,37.6897,-97.3441,,,,2018
130,51.77,0.648016022,Lubbock,TX,33.5642,-101.8871,,,,2018
131,51.75,0.647765678,Tucson,AZ,32.1545,-110.8782,,,,2018
132,51.72,0.647390161,Bridgeport,CT,41.1918,-73.1953,,,,2018
133,51.6,0.645888096,Jacksonville,FL,30.3322,-81.6749,,,,2018
134,51.57,0.64551258,Norfolk,VA,36.8945,-76.259,,,,2018
135,51.53,0.645011891,Oklahoma City,OK,35.4676,-97.5137,,,,2018
136,51.36,0.642883965,Worcester,MA,42.2705,-71.8079,,,,2018
137,51.34,0.642633621,St. Petersburg,FL,27.793,-82.6652,,,,2018
138,51.01,0.638502942,Corpus Christi,TX,27.7261,-97.3755,,,,2018
139,50.62,0.633621229,Providence,RI,41.823,-71.4187,,,,2018
140,50.52,0.632369508,Winston-Salem,NC,36.1029,-80.261,,,,2018
141,50.31,0.629740894,Albuquerque,NM,35.1053,-106.6464,,,,2018
142,50.28,0.629365377,Milwaukee,WI,43.0642,-87.9673,,,,2018
143,49.96,0.62535987,Louisville,KY,38.1663,-85.6485,,,,2018
144,49.75,0.622731255,Indianapolis,IN,39.7771,-86.1458,,,,2018
145,49.71,0.622230567,North Las Vegas,NV,36.288,-115.0901,,,,2018
146,49.65,0.621479534,Fresno,CA,36.7831,-119.7941,,,,2018
147,49.39,0.618225059,Rochester,NY,43.168,-77.6162,,,,2018
148,49.2,0.615846789,New Orleans,LA,30.0687,-89.9288,,,,2018
149,49,0.613343347,Knoxville,TN,35.9692,-83.9496,,,,2018
150,48.8,0.610839905,Cincinnati,OH,39.1412,-84.506,,,,2018
151,48.77,0.610464389,Richmond,VA,37.5295,-77.4756,,,,2018
152,48.61,0.608461635,Dover,DE,39.161,-75.5203,,,,2018
153,48.59,0.608211291,Baton Rouge,LA,30.4419,-91.131,,,,2018
154,48.39,0.605707848,Stockton,CA,37.9766,-121.3111,,,,2018
155,48.2,0.603329578,Buffalo,NY,42.9017,-78.8487,,,,2018
156,47.47,0.594192014,Las Vegas,NV,36.2333,-115.2654,,,,2018
157,47.12,0.58981099,Fayetteville,NC,35.0846,-78.9776,,,,2018
158,46.85,0.586431343,New Haven,CT,41.3112,-72.9246,,,,2018
159,46.39,0.580673426,Baltimore,MD,39.3051,-76.6144,,,,2018
160,46.26,0.579046189,Akron,OH,41.0798,-81.5219,,,,2018
161,45.84,0.57378896,Augusta,GA,33.3645,-82.0708,,,,2018
162,45.59,0.570659657,Chattanooga,TN,35.0657,-85.2487,,,,2018
163,45.57,0.570409313,Philadelphia,PA,40.0077,-75.1339,,,,2018
164,45.45,0.568907247,Fort Smith,AR,35.3493,-94.3695,,,,2018
165,45.07,0.564150707,Montgomery,AL,32.3473,-86.2666,,,,2018
166,45.04,0.563775191,Memphis,TN,35.1046,-89.9773,,,,2018
167,44.84,0.561271749,Jackson,MS,32.3163,-90.2124,,,,2018
168,44.63,0.558643134,St. Louis,MO,38.6358,-90.2451,,,,2018
169,44.53,0.557391413,Newark,NJ,40.7245,-74.1725,,,,2018
170,43.93,0.549881086,Tulsa,OK,36.1284,-95.9043,,,,2018
171,43.73,0.547377644,Toledo,OH,41.6639,-83.5822,,,,2018
172,43.58,0.545500063,Shreveport,LA,32.4659,-93.7959,,,,2018
173,42.9,0.536988359,Cleveland,OH,41.4767,-81.6805,,,,2018
174,42.85,0.536362498,Columbus,GA,32.51,-84.8771,,,,2018
175,42.84,0.536237326,Mobile,AL,30.6782,-88.1163,,,,2018
176,41.09,0.514332207,Wilmington,DE,39.7415,-75.5413,,,,2018
177,40.92,0.512204281,Charleston,WV,38.3484,-81.6323,,,,2018
178,39.55,0.495055702,Little Rock,AR,34.7255,-92.358,,,,2018
179,39.26,0.49142571,Gulfport,MS,30.4271,-89.0703,,,,2018
180,38.72,0.484666416,Huntington,WV,38.4109,-82.4344,,,,2018
181,38.35,0.480035048,Birmingham,AL,33.5277,-86.7987,,,,2018
182,37.81,0.473275754,Detroit,MI,42.3834,-83.1024,,,,2018
1,72.3,0.904994367,Plano,TX,33.0502,-96.7487,7,6,,2019
2,71.86,0.899486794,Irvine,CA,33.6772,-117.7738,14,11,,2019
3,71.81,0.898860934,Madison,WI,43.0827,-89.3923,3,14,,2019
4,71.17,0.890849919,Fremont,CA,37.5265,-121.9852,10,37,,2019
5,69.74,0.872950307,Huntington Beach,CA,33.696,-118.0025,6,46,,2019
6,69.57,0.870822381,Fargo,ND,46.8653,-96.8292,17,20,,2019
7,69.3,0.867442734,Grand Prairie,TX,32.687,-97.0209,20,35,,2019
8,68.9,0.862435849,San Jose,CA,37.3021,-121.8489,1,18,,2019
9,68.24,0.85417449,Scottsdale,AZ,33.6872,-111.8651,46,13,,2019
10,67.53,0.84528727,San Francisco,CA,37.7562,-122.443,4,2,,2019
11,67.38,0.843409688,Bismarck,ND,46.814,-100.7695,25,4,,2019
12,67.37,0.843284516,Overland Park,KS,38.887,-94.687,22,56,,2019
13,67.18,0.840906246,Santa Rosa,CA,38.4458,-122.7067,23,53,,2019
14,67.16,0.840655902,Austin,TX,30.3006,-97.7517,15,8,,2019
15,66.97,0.838277632,Sioux Falls,SD,43.5397,-96.7321,11,67,,2019
16,66.77,0.83577419,Pearl City,HI,21.4031,-157.9566,2,147,,2019
17,66.25,0.82926524,Glendale,CA,34.1818,-118.2468,27,102,,2019
18,66.01,0.826261109,San Diego,CA,32.8312,-117.1225,8,36,,2019
19,65.79,0.823507323,St. Paul,MN,44.9477,-93.104,18,70,,2019
20,65.48,0.819626987,Charleston,SC,32.8151,-79.963,74,5,,2019
21,65.07,0.814494931,Gilbert,AZ,33.3103,-111.7463,54,48,,2019
22,65.02,0.81386907,Anaheim,CA,33.839,-117.8573,29,79,,2019
23,64.99,0.813493554,Raleigh,NC,35.8324,-78.6438,13,41,,2019
24,64.96,0.813118037,Cape Coral,FL,26.6445,-81.9955,51,87,,2019
25,64.9,0.812367005,Cedar Rapids,IA,41.9667,-91.6781,41,58,,2019
26,64.82,0.811365628,Minneapolis,MN,44.9635,-93.2678,5,26,,2019
27,64.54,0.807860809,Chula Vista,CA,32.6281,-117.0145,19,117,,2019
28,64.51,0.807485292,Pembroke Pines,FL,26.0128,-80.3382,47,89,,2019
29,64.21,0.803730129,Honolulu,HI,21.3294,-157.846,55,34,,2019
30,64.17,0.80322944,Des Moines,IA,41.5725,-93.6105,39,85,,2019
31,64.07,0.801977719,Irving,TX,32.8584,-96.9702,28,17,,2019
32,64,0.801101515,Santa Clarita,CA,34.4155,-118.4992,24,112,,2019
33,63.83,0.798973589,Chandler,AZ,33.2827,-111.8517,62,55,,2019
34,63.82,0.798848417,Oceanside,CA,33.2247,-117.3083,16,156,,2019
35,63.5,0.794842909,Omaha,NE,41.2628,-96.0498,56,80,,2019
36,63.43,0.793966704,Lincoln,NE,40.8088,-96.6796,32,86,,2019
37,63.16,0.790587057,Oakland,CA,37.7903,-122.2165,12,75,,2019
38,62.82,0.786331205,Billings,MT,45.7889,-108.5509,61,33,,2019
39,62.8,0.786080861,Tempe,AZ,33.3881,-111.9318,66,54,,2019
40,62.7,0.78482914,Garden Grove,CA,33.7787,-117.9601,37,107,,2019
41,62.41,0.781199149,Denver,CO,39.7621,-104.8759,21,64,,2019
42,62.35,0.780448116,Fort Worth,TX,32.7812,-97.3472,44,90,,2019
43,62.31,0.779947428,Burlington,VT,44.4877,-73.2314,53,10,,2019
44,62.3,0.779822256,Peoria,AZ,33.7844,-112.299,65,77,,2019
45,61.96,0.775566404,Port St. Lucie,FL,27.2796,-80.3884,76,73,,2019
46,61.94,0.77531606,Boise,ID,43.6007,-116.2312,68,19,,2019
47,61.86,0.774314683,Garland,TX,32.91,-96.6305,31,120,,2019
48,61.83,0.773939166,Aurora,CO,39.7084,-104.7274,26,121,,2019
49,61.73,0.772687445,El Paso,TX,31.8479,-106.4309,58,98,,2019
50,61.73,0.772687445,Arlington,TX,32.6998,-97.1251,40,128,,2019
51,61.68,0.772061585,Washington,DC,38.9047,-77.0163,9,40,,2019
52,61.22,0.766303668,Charlotte,NC,35.2079,-80.8304,52,92,,2019
53,61.16,0.765552635,Fort Lauderdale,FL,26.1412,-80.1464,59,60,,2019
54,61.11,0.764926774,Seattle,WA,47.6211,-122.3244,36,1,,2019
55,61.05,0.764175742,Aurora,IL,41.7637,-88.2901,38,164,,2019
56,60.99,0.763424709,Missoula,MT,46.8685,-114.0095,57,52,,2019
57,60.96,0.763049193,Santa Ana,CA,33.7366,-117.8819,50,103,,2019
58,60.96,0.763049193,Boston,MA,42.3188,-71.0846,34,12,,2019
59,60.96,0.763049193,Colorado Springs,CO,38.8674,-104.7606,72,69,,2019
60,60.9,0.76229816,Durham,NC,35.9795,-78.9032,30,28,,2019
61,60.83,0.761421955,Portland,ME,43.6773,-70.2715,48,49,,2019
62,60.33,0.75516335,Grand Rapids,MI,42.9615,-85.6557,83,31,,2019
63,60.14,0.752785079,Rancho Cucamonga,CA,34.1248,-117.5666,79,32,,2019
64,60.11,0.752409563,Salt Lake City,UT,40.7774,-111.93,80,9,,2019
65,60.1,0.752284391,Yonkers,NY,40.9466,-73.8674,45,157,,2019
66,60.08,0.752034047,Las Cruces,NM,32.3265,-106.7893,33,123,,2019
67,60.07,0.751908875,Rapid City,SD,44.0716,-103.2205,86,30,,2019
68,59.82,0.748779572,Dallas,TX,32.7936,-96.7662,35,109,,2019
69,59.81,0.7486544,South Burlington,VT,44.4622,-73.2203,90,63,,2019
70,59.71,0.747402679,Virginia Beach,VA,36.7335,-76.0435,73,105,,2019
71,59.58,0.745775441,Long Beach,CA,33.798,-118.1675,42,138,,2019
72,59.53,0.745149581,Anchorage,AK,61.1508,-149.1091,84,82,,2019
73,59.51,0.744899236,Cheyenne,WY,41.1405,-104.7927,78,23,,2019
74,59.47,0.744398548,Columbia,MD,39.2004,-76.859,49,101,,2019
75,59.25,0.741644762,Mesa,AZ,33.4017,-111.7181,77,116,,2019
76,58.63,0.733884091,Chesapeake,VA,36.6778,-76.3024,94,122,,2019
77,58.58,0.73325823,Reno,NV,39.5497,-119.8483,98,50,,2019
78,58.54,0.732757542,Tallahassee,FL,30.4551,-84.2527,91,42,,2019
79,58.46,0.731756165,Atlanta,GA,33.7627,-84.4225,64,88,,2019
80,58.36,0.730504444,Oxnard,CA,34.1962,-119.1819,71,151,,2019
81,58.2,0.72850169,Nampa,ID,43.5843,-116.5628,102,137,,2019
82,58.12,0.727500313,Los Angeles,CA,34.1139,-118.4068,43,104,,2019
83,58.04,0.726498936,Orlando,FL,28.4772,-81.3369,85,24,,2019
84,57.72,0.722493428,Portland,OR,45.5371,-122.65,92,27,,2019
85,57.71,0.722368256,Salem,OR,44.9232,-123.0245,101,29,,2019
86,57.55,0.720365503,Brownsville,TX,25.998,-97.4565,95,68,,2019
87,57.45,0.719113781,Pittsburgh,PA,40.4396,-79.9763,112,21,,2019
88,57.25,0.716610339,Riverside,CA,33.9381,-117.3948,100,22,,2019
89,57.23,0.716359995,Fontana,CA,34.0968,-117.4599,106,72,,2019
90,57.1,0.714732758,New York,NY,40.6943,-73.9249,70,152,,2019
91,57.09,0.714607585,Nashua,NH,42.7491,-71.491,82,100,,2019
92,57,0.713481036,Huntsville,AL,34.6988,-86.6412,130,47,,2019
93,56.85,0.711603455,Jersey City,NJ,40.7161,-74.0683,93,168,,2019
94,56.83,0.711353111,West Valley City,UT,40.6889,-112.0115,103,78,,2019
95,56.49,0.707097259,Manchester,NH,42.9848,-71.4447,96,113,,2019
96,56.35,0.705344849,Ontario,CA,34.0393,-117.6064,107,84,,2019
97,56.34,0.705219677,San Antonio,TX,29.4658,-98.5254,115,57,,2019
98,56.21,0.70359244,Amarillo,TX,35.1989,-101.831,119,45,,2019
99,56.17,0.703091751,Vancouver,WA,45.6367,-122.597,108,97,,2019
100,56.02,0.701214169,Tampa,FL,27.9942,-82.4451,121,38,,2019
101,55.97,0.700588309,Miami,FL,25.7839,-80.2102,63,39,,2019
102,55.94,0.700212793,Dover,DE,39.161,-75.5203,81,61,,2019
103,55.61,0.696082113,Moreno Valley,CA,33.9244,-117.2045,111,108,,2019
104,55.36,0.69295281,Glendale,AZ,33.5797,-112.2258,89,159,,2019
105,55.34,0.692702466,Nashville,TN,36.1715,-86.7843,126,96,,2019
106,55.33,0.692577294,Houston,TX,29.7869,-95.3905,69,132,,2019
107,55.2,0.690950056,Chicago,IL,41.8373,-87.6862,60,175,,2019
108,54.93,0.687570409,Columbia,SC,34.0376,-80.9037,137,7,,2019
109,54.9,0.687194893,Greensboro,NC,36.0956,-79.8268,97,94,,2019
110,54.55,0.682813869,Lewiston,ME,44.0915,-70.1681,151,43,,2019
111,54.4,0.680936287,Laredo,TX,27.5617,-99.4874,75,66,,2019
112,54.33,0.680060083,Hialeah,FL,25.8696,-80.3046,67,160,,2019
113,54.13,0.67755664,Henderson,NV,36.0146,-115.0362,120,125,,2019
115,54.13,0.67755664,Sacramento,CA,38.5667,-121.4683,114,59,,2019
116,53.96,0.675428714,Modesto,CA,37.6374,-121.0028,117,81,,2019
117,53.5,0.669670797,Newport News,VA,37.1051,-76.5185,105,155,,2019
118,53.29,0.667042183,Tucson,AZ,32.1545,-110.8782,99,114,,2019
119,53.19,0.665790462,Springfield,MO,37.1943,-93.2915,132,106,,2019
120,53.03,0.663787708,St. Petersburg,FL,27.793,-82.6652,135,25,,2019
121,52.76,0.660408061,Richmond,VA,37.5295,-77.4756,104,139,,2019
122,52.66,0.65915634,Tacoma,WA,47.2431,-122.4531,109,140,,2019
123,52.59,0.658280135,Warwick,RI,41.7062,-71.4334,136,44,,2019
124,52.41,0.656027037,Lubbock,TX,33.5642,-101.8871,133,16,,2019
125,52.29,0.654524972,Casper,WY,42.842,-106.3207,161,71,,2019
126,51.99,0.650769808,Kansas City,MO,39.1239,-94.5541,110,148,,2019
127,51.96,0.650394292,Phoenix,AZ,33.5722,-112.0891,87,136,,2019
128,51.94,0.650143948,Oklahoma City,OK,35.4676,-97.5137,155,110,,2019
129,51.59,0.645762924,Corpus Christi,TX,27.7261,-97.3755,145,15,,2019
130,51.5,0.644636375,Winston-Salem,NC,36.1029,-80.261,116,118,,2019
131,51.44,0.643885342,Juneau,AK,58.4546,-134.1739,160,3,,2019
132,51.21,0.641006384,Albuquerque,NM,35.1053,-106.6464,123,111,,2019
133,51.15,0.640255351,Columbus,OH,39.986,-82.9851,128,133,,2019
134,51.14,0.640130179,Bakersfield,CA,35.353,-119.0359,139,74,,2019
135,50.98,0.638127425,Bridgeport,CT,41.1918,-73.1953,88,169,,2019
136,50.92,0.637376393,Jacksonville,FL,30.3322,-81.6749,153,95,,2019
137,50.55,0.632745024,Knoxville,TN,35.9692,-83.9496,166,62,,2019
138,50.43,0.631242959,Louisville,KY,38.1663,-85.6485,158,124,,2019
139,50.31,0.629740894,Norfolk,VA,36.8945,-76.259,129,129,,2019
140,49.97,0.625485042,Chattanooga,TN,35.0657,-85.2487,167,99,,2019
141,49.94,0.625109526,Wichita,KS,37.6897,-97.3441,138,131,,2019
142,49.79,0.623231944,Worcester,MA,42.2705,-71.8079,125,149,,2019
143,49.77,0.6229816,Rochester,NY,43.168,-77.6162,134,142,,2019
144,49.76,0.622856428,San Bernardino,CA,34.1417,-117.2945,124,134,,2019
145,49.56,0.620352985,Buffalo,NY,42.9017,-78.8487,144,126,,2019
146,49.22,0.616097134,Fresno,CA,36.7831,-119.7941,127,119,,2019
147,48.86,0.611590938,Milwaukee,WI,43.0642,-87.9673,122,172,,2019
148,48.75,0.610214044,Baton Rouge,LA,30.4419,-91.131,140,93,,2019
149,48.56,0.607835774,Stockton,CA,37.9766,-121.3111,118,150,,2019
150,48.35,0.60520716,Spokane,WA,47.6671,-117.433,142,91,,2019
151,48.08,0.601827513,Indianapolis,IN,39.7771,-86.1458,147,177,,2019
152,47.83,0.59869821,Fort Wayne,IN,41.0885,-85.1436,152,143,,2019
153,47.63,0.596194768,New Orleans,LA,30.0687,-89.9288,164,127,,2019
154,47.57,0.595443735,North Las Vegas,NV,36.288,-115.0901,157,158,,2019
155,47.19,0.590687195,Las Vegas,NV,36.2333,-115.2654,149,146,,2019
156,47.02,0.588559269,Tulsa,OK,36.1284,-95.9043,170,83,,2019
157,46.5,0.582050319,Wilmington,DE,39.7415,-75.5413,156,144,,2019
158,46.32,0.579797221,Providence,RI,41.823,-71.4187,169,115,,2019
159,45.81,0.573413443,New Haven,CT,41.3112,-72.9246,131,141,,2019
160,45.56,0.570284141,Montgomery,AL,32.3473,-86.2666,143,176,,2019
161,45.48,0.569282764,Baltimore,MD,39.3051,-76.6144,148,161,,2019
162,44.75,0.5601452,Jackson,MS,32.3163,-90.2124,150,178,,2019
163,44.7,0.559519339,Shreveport,LA,32.4659,-93.7959,171,173,,2019
164,44.59,0.558142446,Memphis,TN,35.1046,-89.9773,146,179,,2019
165,44.45,0.556390036,Philadelphia,PA,40.0077,-75.1339,168,165,,2019
166,44.27,0.554136938,Columbus,GA,32.51,-84.8771,174,154,,2019
167,44.27,0.554136938,Fayetteville,NC,35.0846,-78.9776,159,153,,2019
168,44.17,0.552885217,Akron,OH,41.0798,-81.5219,154,166,,2019
169,44.05,0.551383152,Cincinnati,OH,39.1412,-84.506,165,145,,2019
170,43.5,0.544498686,Fort Smith,AR,35.3493,-94.3695,176,135,,2019
171,43.33,0.54237076,St. Louis,MO,38.6358,-90.2451,162,170,,2019
172,42.85,0.536362498,Augusta,GA,33.3645,-82.0708,175,163,,2019
173,42.38,0.530479409,Mobile,AL,30.6782,-88.1163,172,174,,2019
174,42.22,0.528476655,Newark,NJ,40.7245,-74.1725,141,182,,2019
175,41.86,0.523970459,Huntington,WV,38.4109,-82.4344,182,51,,2019
176,41.58,0.52046564,Little Rock,AR,34.7255,-92.358,178,130,,2019
177,41.4,0.518212542,Gulfport,MS,30.4271,-89.0703,179,162,,2019
178,41.06,0.51395669,Cleveland,OH,41.4767,-81.6805,163,180,,2019
179,40.81,0.510827388,Birmingham,AL,33.5277,-86.7987,173,167,,2019
180,40.78,0.510451871,Charleston,WV,38.3484,-81.6323,180,65,,2019
181,39.68,0.496682939,Toledo,OH,41.6639,-83.5822,177,171,,2019
182,39.48,0.494179497,Detroit,MI,42.3834,-83.1024,181,181,,2019
1,75.32,0.942796345,Fremont,CA,37.5265,-121.9852,,28,,2020
2,73.23,0.916635374,Plano,TX,33.0502,-96.7487,,9,,2020
3,73.2,0.916259857,San Jose,CA,37.3021,-121.8489,,11,,2020
4,72.81,0.911378145,Irvine,CA,33.6772,-117.7738,,13,,2020
5,72.19,0.903617474,Madison,WI,43.0827,-89.3923,,21,,2020
6,70.26,0.879459256,Sioux Falls,SD,43.5397,-96.7321,,45,,2020
7,69.9,0.87495306,Huntington Beach,CA,33.696,-118.0025,,70,,2020
8,69.49,0.869821004,Scottsdale,AZ,33.6872,-111.8651,,7,,2020
9,69.33,0.86781825,Santa Rosa,CA,38.4458,-122.7067,,34,,2020
10,69.13,0.865314808,Pearl City,HI,21.4031,-157.9566,,128,,2020
11,68.86,0.861935161,Bismarck,ND,46.814,-100.7695,,15,,2020
12,68.41,0.856302416,Fargo,ND,46.8653,-96.8292,,32,,2020
13,68.33,0.855301039,Lincoln,NE,40.8088,-96.6796,,68,,2020
14,68.3,0.854925523,San Francisco,CA,37.7562,-122.443,,2,,2020
15,68.23,0.854049318,Overland Park,KS,38.887,-94.687,,48,,2020
16,67.86,0.84941795,Santa Clarita,CA,34.4155,-118.4992,,127,,2020
17,67.66,0.846914507,Oceanside,CA,33.2247,-117.3083,,117,,2020
18,67.64,0.846664163,Glendale,CA,34.1818,-118.2468,,98,,2020
19,67.1,0.839904869,Anaheim,CA,33.839,-117.8573,,65,,2020
20,66.96,0.83815246,Cape Coral,FL,26.6445,-81.9955,,63,,2020
21,66.8,0.836149706,Pembroke Pines,FL,26.0128,-80.3382,,134,,2020
22,66.54,0.832895231,Austin,TX,30.3006,-97.7517,,6,,2020
23,66.37,0.830767305,Gilbert,AZ,33.3103,-111.7463,,36,,2020
24,66.34,0.830391789,San Diego,CA,32.8312,-117.1225,,26,,2020
25,66.21,0.828764551,Chula Vista,CA,32.6281,-117.0145,,99,,2020
26,66.19,0.828514207,Garden Grove,CA,33.7787,-117.9601,,101,,2020
27,65.89,0.824759044,Grand Prairie,TX,32.687,-97.0209,,74,,2020
28,65.86,0.824383527,Charleston,SC,32.8151,-79.963,,3,,2020
29,65.64,0.821629741,Cedar Rapids,IA,41.9667,-91.6781,,38,,2020
30,65.44,0.819126299,Minneapolis,MN,44.9635,-93.2678,,47,,2020
31,65.2,0.816122168,Raleigh,NC,35.8324,-78.6438,,59,,2020
32,64.92,0.812617349,Aurora,CO,39.7084,-104.7274,,124,,2020
33,64.92,0.812617349,Chandler,AZ,33.2827,-111.8517,,42,,2020
34,64.88,0.81211666,Des Moines,IA,41.5725,-93.6105,,66,,2020
35,64.8,0.811115284,Irving,TX,32.8584,-96.9702,,17,,2020
36,64.58,0.808361497,Columbia,MD,39.2004,-76.859,,106,,2020
37,64.54,0.807860809,Oxnard,CA,34.1962,-119.1819,,137,,2020
38,64.49,0.807234948,Peoria,AZ,33.7844,-112.299,,67,,2020
39,64.27,0.804481162,Oakland,CA,37.7903,-122.2165,,79,,2020
40,64.14,0.802853924,St. Paul,MN,44.9477,-93.104,,96,,2020
41,63.96,0.800600826,Fort Lauderdale,FL,26.1412,-80.1464,,62,,2020
42,63.96,0.800600826,Yonkers,NY,40.9466,-73.8674,,160,,2020
43,63.8,0.798598072,Garland,TX,32.91,-96.6305,,122,,2020
44,63.7,0.797346351,Tempe,AZ,33.3881,-111.9318,,35,,2020
45,63.62,0.796344974,Boise,ID,43.6007,-116.2312,,12,,2020
46,63.38,0.793340844,Durham,NC,35.9795,-78.9032,,27,,2020
47,63.01,0.788709476,Las Cruces,NM,32.3265,-106.7893,,116,,2020
48,62.98,0.788333959,Aurora,IL,41.7637,-88.2901,,157,,2020
49,62.88,0.787082238,Charlotte,NC,35.2079,-80.8304,,86,,2020
50,62.81,0.786206033,Omaha,NE,41.2628,-96.0498,,73,,2020
51,62.71,0.784954312,Boston,MA,42.3188,-71.0846,,8,,2020
52,62.7,0.78482914,Rancho Cucamonga,CA,34.1248,-117.5666,,33,,2020
53,62.65,0.78420328,Santa Ana,CA,33.7366,-117.8819,,78,,2020
54,62.6,0.783577419,Denver,CO,39.7621,-104.8759,,88,,2020
55,62.54,0.782826386,Seattle,WA,47.6211,-122.3244,,1,,2020
56,62.47,0.781950181,Honolulu,HI,21.3294,-157.846,,54,,2020
57,62.21,0.778695707,Port St. Lucie,FL,27.2796,-80.3884,,77,,2020
58,62.2,0.778570534,Nashua,NH,42.7491,-71.491,,76,,2020
59,62.04,0.776567781,Rapid City,SD,44.0716,-103.2205,,23,,2020
60,61.97,0.775691576,Fort Worth,TX,32.7812,-97.3472,,102,,2020
61,61.95,0.775441232,Arlington,TX,32.6998,-97.1251,,132,,2020
62,61.92,0.775065715,Long Beach,CA,33.798,-118.1675,,144,,2020
63,61.88,0.774565027,Portland,ME,43.6773,-70.2715,,10,,2020
64,61.65,0.771686068,Colorado Springs,CO,38.8674,-104.7606,,64,,2020
65,61.37,0.768181249,Washington,DC,38.9047,-77.0163,,60,,2020
66,61.02,0.763800225,Grand Rapids,MI,42.9615,-85.6557,,25,,2020
67,60.97,0.763174365,Nampa,ID,43.5843,-116.5628,,104,,2020
68,60.97,0.763174365,El Paso,TX,31.8479,-106.4309,,120,,2020
69,60.93,0.762673676,Mesa,AZ,33.4017,-111.7181,,91,,2020
70,60.84,0.761547127,Salt Lake City,UT,40.7774,-111.93,,51,,2020
71,60.54,0.757791964,Manchester,NH,42.9848,-71.4447,,108,,2020
72,60.51,0.757416448,Virginia Beach,VA,36.7335,-76.0435,,126,,2020
73,60.48,0.757040931,Billings,MT,45.7889,-108.5509,,40,,2020
74,60.46,0.756790587,Burlington,VT,44.4877,-73.2314,,14,,2020
75,60.41,0.756164726,Miami,FL,25.7839,-80.2102,,50,,2020
76,59.77,0.748153711,Dallas,TX,32.7936,-96.7662,,92,,2020
77,59.62,0.74627613,Reno,NV,39.5497,-119.8483,,16,,2020
78,59.49,0.744648892,Fontana,CA,34.0968,-117.4599,,71,,2020
79,59.43,0.74389786,Brownsville,TX,25.998,-97.4565,,90,,2020
80,59.42,0.743772687,Los Angeles,CA,34.1139,-118.4068,,93,,2020
81,59.39,0.743397171,Chesapeake,VA,36.6778,-76.3024,,145,,2020
82,59.39,0.743397171,Ontario,CA,34.0393,-117.6064,,41,,2020
83,59.34,0.742771311,Riverside,CA,33.9381,-117.3948,,18,,2020
84,59.25,0.741644762,Tallahassee,FL,30.4551,-84.2527,,39,,2020
85,59.23,0.741394417,Lewiston,ME,44.0915,-70.1681,,4,,2020
86,59.09,0.739642008,New York,NY,40.6943,-73.9249,,158,,2020
87,58.93,0.737639254,Moreno Valley,CA,33.9244,-117.2045,,103,,2020
88,58.83,0.736387533,Missoula,MT,46.8685,-114.0095,,58,,2020
89,58.61,0.733633746,Jersey City,NJ,40.7161,-74.0683,,168,,2020
90,58.48,0.732006509,Portland,OR,45.5371,-122.65,,57,,2020
91,58.32,0.730003755,Atlanta,GA,33.7627,-84.4225,,110,,2020
92,58.29,0.729628239,Orlando,FL,28.4772,-81.3369,,20,,2020
93,58.17,0.728126173,Modesto,CA,37.6374,-121.0028,,52,,2020
94,58.16,0.728001001,Hialeah,FL,25.8696,-80.3046,,166,,2020
95,58.15,0.727875829,Vancouver,WA,45.6367,-122.597,,123,,2020
96,58.14,0.727750657,Pittsburgh,PA,40.4396,-79.9763,,37,,2020
97,57.94,0.725247215,Tampa,FL,27.9942,-82.4451,,53,,2020
98,57.67,0.721867568,West Valley City,UT,40.6889,-112.0115,,109,,2020
99,57.49,0.71961447,Sacramento,CA,38.5667,-121.4683,,29,,2020
100,57.32,0.717486544,Huntsville,AL,34.6988,-86.6412,,55,,2020
101,57.03,0.713856553,Cheyenne,WY,41.1405,-104.7927,,30,,2020
102,56.91,0.712354487,Dover,DE,39.161,-75.5203,,72,,2020
103,56.32,0.704969333,Henderson,NV,36.0146,-115.0362,,107,,2020
104,56.27,0.704343472,Glendale,AZ,33.5797,-112.2258,,143,,2020
105,56.2,0.703467267,Bridgeport,CT,41.1918,-73.1953,,163,,2020
106,56.2,0.703467267,Nashville,TN,36.1715,-86.7843,,114,,2020
107,56.1,0.702215546,South Burlington,VT,44.4622,-73.2203,,31,,2020
108,55.98,0.700713481,Anchorage,AK,61.1508,-149.1091,,82,,2020
109,55.84,0.698961071,Salem,OR,44.9232,-123.0245,,49,,2020
110,55.62,0.696207285,San Antonio,TX,29.4658,-98.5254,,69,,2020
111,55.56,0.695456252,Houston,TX,29.7869,-95.3905,,131,,2020
112,55.55,0.69533108,Winston-Salem,NC,36.1029,-80.261,,94,,2020
113,55.29,0.692076605,Chicago,IL,41.8373,-87.6862,,177,,2020
114,54.59,0.683314558,Tacoma,WA,47.2431,-122.4531,,148,,2020
115,54.56,0.682939041,St. Petersburg,FL,27.793,-82.6652,,43,,2020
116,54.32,0.679934911,Fort Wayne,IN,41.0885,-85.1436,,115,,2020
117,54.23,0.678808361,Amarillo,TX,35.1989,-101.831,,44,,2020
119,54.14,0.677681812,Phoenix,AZ,33.5722,-112.0891,,130,,2020
120,54.13,0.67755664,Bakersfield,CA,35.353,-119.0359,,46,,2020
121,54.07,0.676805608,Laredo,TX,27.5617,-99.4874,,56,,2020
122,53.94,0.67517837,Worcester,MA,42.2705,-71.8079,,113,,2020
123,53.9,0.674677682,Tucson,AZ,32.1545,-110.8782,,112,,2020
124,53.82,0.673676305,Columbia,SC,34.0376,-80.9037,,19,,2020
125,53.8,0.673425961,Greensboro,NC,36.0956,-79.8268,,95,,2020
126,53.78,0.673175616,Warwick,RI,41.7062,-71.4334,,83,,2020
127,53.65,0.671548379,Richmond,VA,37.5295,-77.4756,,150,,2020
128,53.28,0.666917011,Lubbock,TX,33.5642,-101.8871,,24,,2020
129,52.98,0.663161848,Springfield,MO,37.1943,-93.2915,,105,,2020
130,52.83,0.661284266,San Bernardino,CA,34.1417,-117.2945,,121,,2020
131,52.49,0.657028414,Casper,WY,42.842,-106.3207,,61,,2020
132,52.41,0.656027037,Albuquerque,NM,35.1053,-106.6464,,97,,2020
133,52.05,0.651520841,Corpus Christi,TX,27.7261,-97.3755,,22,,2020
134,51.98,0.650644636,Chattanooga,TN,35.0657,-85.2487,,141,,2020
135,51.8,0.648391538,Jacksonville,FL,30.3322,-81.6749,,118,,2020
136,51.7,0.647139817,Newport News,VA,37.1051,-76.5185,,165,,2020
137,51.4,0.643384654,Columbus,OH,39.986,-82.9851,,153,,2020
138,51.31,0.642258105,Knoxville,TN,35.9692,-83.9496,,85,,2020
139,51.13,0.640005007,Rochester,NY,43.168,-77.6162,,111,,2020
140,50.84,0.636375016,Fresno,CA,36.7831,-119.7941,,100,,2020
141,50.82,0.636124671,Spokane,WA,47.6671,-117.433,,84,,2020
142,50.78,0.635623983,Oklahoma City,OK,35.4676,-97.5137,,125,,2020
143,50.61,0.633496057,Fort Smith,AR,35.3493,-94.3695,,75,,2020
144,50.55,0.632745024,Fayetteville,NC,35.0846,-78.9776,,155,,2020
145,50.53,0.63249468,Wichita,KS,37.6897,-97.3441,,129,,2020
146,50.43,0.631242959,Norfolk,VA,36.8945,-76.259,,151,,2020
147,50.24,0.628864689,Providence,RI,41.823,-71.4187,,81,,2020
148,50.22,0.628614345,Stockton,CA,37.9766,-121.3111,,149,,2020
149,49.99,0.625735386,New Haven,CT,41.3112,-72.9246,,133,,2020
150,49.72,0.622355739,North Las Vegas,NV,36.288,-115.0901,,152,,2020
151,49.63,0.62122919,Buffalo,NY,42.9017,-78.8487,,139,,2020
152,49.37,0.617974715,Juneau,AK,58.4546,-134.1739,,5,,2020
153,49.3,0.61709851,Kansas City,MO,39.1239,-94.5541,,147,,2020
154,49.26,0.616597822,Las Vegas,NV,36.2333,-115.2654,,136,,2020
155,48.96,0.612842659,Indianapolis,IN,39.7771,-86.1458,,174,,2020
156,48.95,0.612717487,Louisville,KY,38.1663,-85.6485,,156,,2020
157,48.35,0.60520716,Milwaukee,WI,43.0642,-87.9673,,178,,2020
158,48.19,0.603204406,New Orleans,LA,30.0687,-89.9288,,135,,2020
159,47.64,0.59631994,Wilmington,DE,39.7415,-75.5413,,140,,2020
160,47.36,0.592815121,Montgomery,AL,32.3473,-86.2666,,170,,2020
161,46.79,0.58568031,Baltimore,MD,39.3051,-76.6144,,173,,2020
162,46.76,0.585304794,Jackson,MS,32.3163,-90.2124,,179,,2020
163,46.64,0.583802729,Baton Rouge,LA,30.4419,-91.131,,138,,2020
164,46.62,0.583552385,Philadelphia,PA,40.0077,-75.1339,,161,,2020
165,46.23,0.578670672,Shreveport,LA,32.4659,-93.7959,,175,,2020
166,45.6,0.570784829,Columbus,GA,32.51,-84.8771,,146,,2020
167,45.24,0.566278633,Cincinnati,OH,39.1412,-84.506,,142,,2020
168,44.79,0.560645888,Newark,NJ,40.7245,-74.1725,,181,,2020
169,44.15,0.552634873,Tulsa,OK,36.1284,-95.9043,,87,,2020
170,44.14,0.552509701,Akron,OH,41.0798,-81.5219,,169,,2020
171,43.54,0.544999374,St. Louis,MO,38.6358,-90.2451,,167,,2020
172,43.44,0.543747653,Memphis,TN,35.1046,-89.9773,,180,,2020
173,43.42,0.543497309,Mobile,AL,30.6782,-88.1163,,171,,2020
174,42.15,0.527600451,Little Rock,AR,34.7255,-92.358,,154,,2020
175,42.15,0.527600451,Augusta,GA,33.3645,-82.0708,,162,,2020
176,42.02,0.525973213,Birmingham,AL,33.5277,-86.7987,,159,,2020
177,41.43,0.518588059,Gulfport,MS,30.4271,-89.0703,,172,,2020
178,41.42,0.518462886,Cleveland,OH,41.4767,-81.6805,,176,,2020
179,39.36,0.492677431,Huntington,WV,38.4109,-82.4344,,80,,2020
180,39.09,0.489297784,Toledo,OH,41.6639,-83.5822,,164,,2020
181,37.99,0.475528852,Charleston,WV,38.3484,-81.6323,,89,,2020
182,36.21,0.453248216,Detroit,MI,42.3834,-83.1024,,182,,2020
