,Ranking,Total_Score,City,State_id,Lat,Lng,Emotional,Income , Environment,year,,,
0,1,77.55,Fremont,CA,37.5265,-121.9852,2,1,1,2017,,,
1,2,75.79,San Jose,CA,37.3021,-121.8489,1,3,15,2017,,,
2,3,70.99,Irvine,CA,33.6772,-117.7738,5,9,6,2017,,,
3,4,69.2,San Francisco,CA,37.7562,-122.443,3,2,101,2017,,,
4,5,67.63,Sioux Falls,SD,43.5397,-96.7321,10,21,3,2017,,,
5,6,67.32,Huntington Beach,CA,33.696,-118.0025,6,11,45,2017,,,
6,7,65.8,San Diego,CA,32.8312,-117.1225,8,7,40,2017,,,
7,8,65.52,Oakland,CA,37.7903,-122.2165,4,34,119,2017,,,
8,9,65.29,Santa Rosa,CA,38.4458,-122.7067,20,15,23,2017,,,
9,10,65.14,Washington,DC,38.9047,-77.0163,13,6,65,2017,,,
10,11,64.82,Chula Vista,CA,32.6281,-117.0145,15,27,17,2017,,,
11,12,64.79,Santa Clarita,CA,34.4155,-118.4992,17,29,29,2017,,,
12,13,64.61,Scottsdale,AZ,33.6872,-111.8651,34,12,2,2017,,,
13,14,64.35,Garden Grove,CA,33.7787,-117.9601,11,45,43,2017,,,
14,15,64.28,Madison,WI,43.0827,-89.3923,28,13,22,2017,,,
15,16,63.87,Gilbert,AZ,33.3103,-111.7463,37,4,9,2017,,,
16,17,63.86,Overland Park,KS,38.887,-94.687,32,17,20,2017,,,
17,18,63.48,Anaheim,CA,33.839,-117.8573,14,37,62,2017,,,
18,19,63.43,Plano,TX,33.0502,-96.7487,30,14,41,2017,,,
19,20,63.43,Glendale,CA,34.1818,-118.2468,16,70,27,2017,,,
20,21,63.16,Seattle,WA,47.6211,-122.3244,25,5,76,2017,,,
21,22,63.01,Austin,TX,30.3006,-97.7517,12,33,74,2017,,,
22,23,62.88,Raleigh,NC,35.8324,-78.6438,7,46,81,2017,,,
23,24,62.59,Minneapolis,MN,44.9635,-93.2678,9,20,125,2017,,,
24,25,62.43,St. Paul,MN,44.9477,-93.104,19,38,80,2017,,,
25,26,61.95,Lincoln,NE,40.8088,-96.6796,31,48,37,2017,,,
26,27,61.83,Oceanside,CA,33.2247,-117.3083,18,80,36,2017,,,
27,28,61.68,Chandler,AZ,33.2827,-111.8517,39,10,39,2017,,,
28,29,61.41,Aurora,CO,39.7084,-104.7274,22,52,63,2017,,,
29,30,60.86,Peoria,AZ,33.7844,-112.299,49,22,8,2017,,,
30,31,60.56,Oxnard,CA,34.1962,-119.1819,33,77,13,2017,,,
31,32,60.35,Honolulu,HI,21.3294,-157.846,29,19,108,2017,,,
32,33,60.23,Boise,ID,43.6007,-116.2312,48,16,30,2017,,,
33,34,60.22,Grand Prairie,TX,32.687,-97.0209,57,36,4,2017,,,
34,35,59.94,Aurora,IL,41.7637,-88.2901,42,62,10,2017,,,
35,36,59.91,Los Angeles,CA,34.1139,-118.4068,24,49,97,2017,,,
36,37,59.25,Denver,CO,39.7621,-104.8759,27,79,86,2017,,,
37,38,59.12,Tempe,AZ,33.3881,-111.9318,44,24,68,2017,,,
38,39,59.05,Durham,NC,35.9795,-78.9032,26,50,106,2017,,,
39,40,59.05,Long Beach,CA,33.798,-118.1675,21,95,110,2017,,,
40,41,59.05,Charlotte,NC,35.2079,-80.8304,45,96,7,2017,,,
41,42,58.72,El Paso,TX,31.8479,-106.4309,35,75,53,2017,,,
42,43,58.69,Rancho Cucamonga,CA,34.1248,-117.5666,69,8,51,2017,,,
43,44,58.65,Cape Coral,FL,26.6445,-81.9955,43,63,28,2017,,,
44,45,58.42,Santa Ana,CA,33.7366,-117.8819,23,72,129,2017,,,
45,46,58.41,Colorado Springs,CO,38.8674,-104.7606,65,41,16,2017,,,
46,47,57.93,Garland,TX,32.91,-96.6305,41,60,67,2017,,,
47,48,57.9,Des Moines,IA,41.5725,-93.6105,36,91,72,2017,,,
48,49,57.43,Salt Lake City,UT,40.7774,-111.93,46,69,48,2017,,,
49,50,57.33,Irving,TX,32.8584,-96.9702,50,31,93,2017,,,
50,51,57.27,Omaha,NE,41.2628,-96.0498,47,57,70,2017,,,
51,52,57.25,Yonkers,NY,40.9466,-73.8674,38,55,123,2017,,,
52,53,57.12,Mesa,AZ,33.4017,-111.7181,52,47,71,2017,,,
53,54,57.06,Fort Worth,TX,32.7812,-97.3472,61,88,25,2017,,,
54,55,56.93,Boston,MA,42.3188,-71.0846,40,25,126,2017,,,
55,56,56.9,Grand Rapids,MI,42.9615,-85.6557,74,39,31,2017,,,
56,57,56.79,Orlando,FL,28.4772,-81.3369,54,86,44,2017,,,
57,58,56.32,Virginia Beach,VA,36.7335,-76.0435,67,81,33,2017,,,
58,59,56.11,Portland,OR,45.5371,-122.65,81,18,66,2017,,,
59,60,56.1,Port St. Lucie,FL,27.2796,-80.3884,73,98,11,2017,,,
60,61,56.08,Anchorage,AK,61.1508,-149.1091,55,53,107,2017,,,
61,62,56.03,Fontana,CA,34.0968,-117.4599,89,30,24,2017,,,
62,63,55.83,Reno,NV,39.5497,-119.8483,68,40,78,2017,,,
63,64,55.78,Riverside,CA,33.9381,-117.3948,87,23,60,2017,,,
64,65,55.58,Pembroke Pines,FL,26.0128,-80.3382,71,68,57,2017,,,
65,66,55.33,Chesapeake,VA,36.6778,-76.3024,90,78,12,2017,,,
66,67,55.17,Jersey City,NJ,40.7161,-74.0683,62,61,112,2017,,,
67,68,54.96,Henderson,NV,36.0146,-115.0362,102,35,26,2017,,,
68,69,54.95,Arlington,TX,32.6998,-97.1251,56,101,87,2017,,,
69,70,54.66,New York,NY,40.6943,-73.9249,66,83,89,2017,,,
70,71,54.63,Nashville,TN,36.1715,-86.7843,85,99,19,2017,,,
71,72,54.55,San Antonio,TX,29.4658,-98.5254,79,71,54,2017,,,
72,73,54.33,Greensboro,NC,36.0956,-79.8268,78,87,50,2017,,,
73,74,54.29,Huntsville,AL,34.6988,-86.6412,94,89,18,2017,,,
74,75,54.14,Tacoma,WA,47.2431,-122.4531,75,53,114,2017,,,
75,76,53.97,Tallahassee,FL,30.4551,-84.2527,86,73,55,2017,,,
76,77,53.93,Glendale,AZ,33.5797,-112.2258,59,106,109,2017,,,
77,78,53.9,Sacramento,CA,38.5667,-121.4683,64,51,128,2017,,,
78,79,53.66,Laredo,TX,27.5617,-99.4874,63,116,58,2017,,,
79,80,53.52,Kansas City,MO,39.1239,-94.5541,82,65,79,2017,,,
80,81,53.32,Lubbock,TX,33.5642,-101.8871,101,32,83,2017,,,
81,82,53.03,Moreno Valley,CA,33.9244,-117.2045,95,85,46,2017,,,
82,83,52.97,Atlanta,GA,33.7627,-84.4225,51,114,122,2017,,,
83,84,52.7,Tucson,AZ,32.1545,-110.8782,72,110,75,2017,,,
84,85,52.67,Phoenix,AZ,33.5722,-112.0891,60,115,118,2017,,,
85,86,52.62,Dallas,TX,32.7936,-96.7662,53,103,135,2017,,,
86,87,52.57,Chicago,IL,41.8373,-87.6862,58,120,116,2017,,,
87,88,52.57,Ontario,CA,34.0393,-117.6064,92,64,103,2017,,,
88,89,52.27,Vancouver,WA,45.6367,-122.597,99,42,85,2017,,,
89,91,52.11,Oklahoma City,OK,35.4676,-97.5137,114,74,14,2017,,,
90,92,51.95,Albuquerque,NM,35.1053,-106.6464,100,108,32,2017,,,
91,93,51.77,Winston-Salem,NC,36.1029,-80.261,83,112,73,2017,,,
92,94,51.69,Wichita,KS,37.6897,-97.3441,91,90,117,2017,,,
93,95,51.51,Columbus,OH,39.986,-82.9851,106,102,38,2017,,,
94,96,51.47,Springfield,MO,37.1943,-93.2915,115,28,99,2017,,,
95,97,51.23,Amarillo,TX,35.1989,-101.831,111,76,49,2017,,,
96,98,51.14,Spokane,WA,47.6671,-117.433,108,58,69,2017,,,
97,99,51.1,Pittsburgh,PA,40.4396,-79.9763,109,44,102,2017,,,
98,100,50.67,Fort Wayne,IN,41.0885,-85.1436,112,43,121,2017,,,
99,101,50.07,Modesto,CA,37.6374,-121.0028,110,113,34,2017,,,
100,102,49.95,Brownsville,TX,25.998,-97.4565,84,143,56,2017,,,
101,103,49.9,Miami,FL,25.7839,-80.2102,76,100,147,2017,,,
102,104,49.78,Houston,TX,29.7869,-95.3905,70,133,131,2017,,,
103,105,49.77,Fort Lauderdale,FL,26.1412,-80.1464,80,119,145,2017,,,
104,106,49.38,San Bernardino,CA,34.1417,-117.2945,98,124,92,2017,,,
105,107,49.22,Las Vegas,NV,36.2333,-115.2654,118,93,91,2017,,,
106,108,49.06,Stockton,CA,37.9766,-121.3111,97,128,95,2017,,,
107,109,48.72,Chattanooga,TN,35.0657,-85.2487,117,82,104,2017,,,
108,110,48.69,Richmond,VA,37.5295,-77.4756,88,118,144,2017,,,
109,111,48.65,North Las Vegas,NV,36.288,-115.0901,128,94,64,2017,,,
110,112,48.64,Fresno,CA,36.7831,-119.7941,93,141,98,2017,,,
111,113,48.43,Hialeah,FL,25.8696,-80.3046,77,144,138,2017,,,
112,114,48.31,Bakersfield,CA,35.353,-119.0359,124,127,35,2017,,,
113,115,48.18,Newport News,VA,37.1051,-76.5185,104,117,124,2017,,,
114,116,47.98,Jacksonville,FL,30.3322,-81.6749,125,104,59,2017,,,
115,117,47.93,Providence,RI,41.823,-71.4187,129,59,90,2017,,,
116,118,47.73,Knoxville,TN,35.9692,-83.9496,133,97,47,2017,,,
117,119,47.04,Baton Rouge,LA,30.4419,-91.131,123,56,140,2017,,,
118,120,46.69,Tampa,FL,27.9942,-82.4451,121,125,88,2017,,,
119,121,46.65,Worcester,MA,42.2705,-71.8079,120,84,137,2017,,,
120,122,46.6,St. Petersburg,FL,27.793,-82.6652,130,67,111,2017,,,
121,123,46.5,Milwaukee,WI,43.0642,-87.9673,105,130,133,2017,,,
122,124,46.44,New Orleans,LA,30.0687,-89.9288,143,107,5,2017,,,
123,125,46.4,Rochester,NY,43.168,-77.6162,103,140,130,2017,,,
124,126,46.18,Indianapolis,IN,39.7771,-86.1458,134,123,42,2017,,,
125,127,45.92,Tulsa,OK,36.1284,-95.9043,136,66,82,2017,,,
126,128,45.76,Montgomery,AL,32.3473,-86.2666,122,137,94,2017,,,
127,129,45.33,Little Rock,AR,34.7255,-92.358,144,26,52,2017,,,
128,130,45.3,Baltimore,MD,39.3051,-76.6144,113,121,139,2017,,,
129,131,45.07,Memphis,TN,35.1046,-89.9773,119,139,115,2017,,,
130,132,45.06,Louisville,KY,38.1663,-85.6485,138,132,21,2017,,,
131,133,44.95,Norfolk,VA,36.8945,-76.259,116,134,136,2017,,,
132,134,44.46,Corpus Christi,TX,27.7261,-97.3755,135,109,96,2017,,,
133,135,44.14,Buffalo,NY,42.9017,-78.8487,126,131,132,2017,,,
134,136,43.59,Cincinnati,OH,39.1412,-84.506,127,136,127,2017,,,
135,137,43.34,St. Louis,MO,38.6358,-90.2451,132,105,142,2017,,,
136,138,43.06,Jackson,MS,32.3163,-90.2124,137,111,113,2017,,,
137,139,42.93,Philadelphia,PA,40.0077,-75.1339,142,122,77,2017,,,
138,140,42.77,Akron,OH,41.0798,-81.5219,131,129,141,2017,,,
139,141,42.2,Newark,NJ,40.7245,-74.1725,107,149,150,2017,,,
140,142,41.16,Fayetteville,NC,35.0846,-78.9776,141,145,120,2017,,,
141,143,40.04,Shreveport,LA,32.4659,-93.7959,148,135,105,2017,,,
142,144,39.2,Mobile,AL,30.6782,-88.1163,147,142,100,2017,,,
143,145,39.03,Columbus,GA,32.51,-84.8771,145,147,84,2017,,,
144,146,38.62,Toledo,OH,41.6639,-83.5822,146,126,143,2017,,,
145,147,38,Birmingham,AL,33.5277,-86.7987,139,146,146,2017,,,
146,148,37.5,Augusta,GA,33.3645,-82.0708,149,138,134,2017,,,
147,149,37,Cleveland,OH,41.4767,-81.6805,140,148,148,2017,,,
148,150,36.8,Detroit,MI,42.3834,-83.1024,150,150,149,2017,,,
149,,27.78,,,,,,,,2017,,,
150,1,79.89,Fremont,CA,37.5265,-121.9852,,,,2018,3,6,1
151,2,78.37,Bismarck,ND,46.814,-100.7695,,,,2018,4,1,7
152,3,76.44,San Jose,CA,37.3021,-121.8489,,,,2018,1,8,27
153,4,75.19,Pearl City,HI,21.4031,-157.9566,,,,2018,2,57,2
154,5,73.62,Plano,TX,33.0502,-96.7487,,,,2018,8,17,10
155,6,73.46,Fargo,ND,46.8653,-96.8292,,,,2018,12,2,13
156,7,71.96,Sioux Falls,SD,43.5397,-96.7321,,,,2018,7,48,20
157,8,71.17,Irvine,CA,33.6772,-117.7738,,,,2018,13,33,11
158,9,70.69,Huntington Beach,CA,33.696,-118.0025,,,,2018,16,25,28
159,10,70.54,Grand Prairie,TX,32.687,-97.0209,,,,2018,29,16,3
160,11,70.06,Madison,WI,43.0827,-89.3923,,,,2018,11,34,14
161,12,69.53,Columbia,MD,39.2004,-76.859,,,,2018,31,58,5
162,13,69.28,San Francisco,CA,37.7562,-122.443,,,,2018,5,4,126
163,14,68.61,Scottsdale,AZ,33.6872,-111.8651,,,,2018,54,27,6
164,15,68.12,Overland Park,KS,38.887,-94.687,,,,2018,23,54,34
165,16,67.95,Santa Clarita,CA,34.4155,-118.4992,,,,2018,28,51,24
166,17,67.46,Glendale,CA,34.1818,-118.2468,,,,2018,36,83,9
167,18,67.18,Oakland,CA,37.7903,-122.2165,,,,2018,6,45,143
168,19,67.16,St. Paul,MN,44.9477,-93.104,,,,2018,17,62,67
169,20,66.24,Gilbert,AZ,33.3103,-111.7463,,,,2018,60,13,23
170,21,66.11,Austin,TX,30.3006,-97.7517,,,,2018,10,11,163
171,22,66.05,Santa Rosa,CA,38.4458,-122.7067,,,,2018,22,37,79
172,23,65.99,Lincoln,NE,40.8088,-96.6796,,,,2018,38,77,26
173,24,65.98,Des Moines,IA,41.5725,-93.6105,,,,2018,18,71,122
174,25,65.78,Irving,TX,32.8584,-96.9702,,,,2018,25,15,132
175,26,65.72,Honolulu,HI,21.3294,-157.846,,,,2018,65,10,29
176,27,65.68,Garden Grove,CA,33.7787,-117.9601,,,,2018,40,90,31
177,28,65.62,Cedar Rapids,IA,41.9667,-91.6781,,,,2018,46,41,39
178,29,65.58,Anaheim,CA,33.839,-117.8573,,,,2018,30,61,59
179,30,65.57,Garland,TX,32.91,-96.6305,,,,2018,24,73,92
180,31,65.42,Minneapolis,MN,44.9635,-93.2678,,,,2018,9,40,134
181,32,65.37,San Diego,CA,32.8312,-117.1225,,,,2018,14,28,74
182,33,64.9,Charleston,SC,32.8151,-79.963,,,,2018,82,9,12
183,34,64.87,Seattle,WA,47.6211,-122.3244,,,,2018,42,5,99
184,35,64.55,Chula Vista,CA,32.6281,-117.0145,,,,2018,21,84,53
185,36,64.47,Rancho Cucamonga,CA,34.1248,-117.5666,,,,2018,70,26,30
186,37,64.26,Cape Coral,FL,26.6445,-81.9955,,,,2018,52,79,19
187,38,64.1,Port St. Lucie,FL,27.2796,-80.3884,,,,2018,45,92,56
188,39,64.09,Fort Worth,TX,32.7812,-97.3472,,,,2018,33,68,109
189,40,63.96,Chandler,AZ,33.2827,-111.8517,,,,2018,66,29,45
190,41,63.9,Raleigh,NC,35.8324,-78.6438,,,,2018,20,65,104
191,42,63.89,Peoria,AZ,33.7844,-112.299,,,,2018,73,49,21
192,43,63.82,Oceanside,CA,33.2247,-117.3083,,,,2018,19,139,50
193,44,63.71,Portland,ME,43.6773,-70.2715,,,,2018,49,46,105
194,45,63.7,Aurora,IL,41.7637,-88.2901,,,,2018,39,142,46
195,46,63.69,El Paso,TX,31.8479,-106.4309,,,,2018,37,43,130
196,47,63.59,Brownsville,TX,25.998,-97.4565,,,,2018,56,67,43
197,48,63.21,Chesapeake,VA,36.6778,-76.3024,,,,2018,85,127,4
198,49,63.2,Pembroke Pines,FL,26.0128,-80.3382,,,,2018,69,87,15
199,50,63.17,Arlington,TX,32.6998,-97.1251,,,,2018,35,99,110
200,51,63.11,Charlotte,NC,35.2079,-80.8304,,,,2018,46,101,48
201,52,63.1,Burlington,VT,44.4877,-73.2314,,,,2018,43,7,178
202,53,62.89,Oxnard,CA,34.1962,-119.1819,,,,2018,41,111,55
203,54,62.8,Virginia Beach,VA,36.7335,-76.0435,,,,2018,72,112,16
204,55,62.55,Aurora,CO,39.7084,-104.7274,,,,2018,48,86,83
205,56,62.54,Durham,NC,35.9795,-78.9032,,,,2018,26,55,96
206,57,62.27,Boise,ID,43.6007,-116.2312,,,,2018,76,35,62
207,58,62.16,Tempe,AZ,33.3881,-111.9318,,,,2018,74,47,81
208,59,62.14,Grand Rapids,MI,42.9615,-85.6557,,,,2018,78,64,47
209,60,61.99,Missoula,MT,46.8685,-114.0095,,,,2018,89,19,63
210,61,61.83,Yonkers,NY,40.9466,-73.8674,,,,2018,57,124,73
211,62,61.53,Omaha,NE,41.2628,-96.0498,,,,2018,59,74,91
212,63,61.53,Boston,MA,42.3188,-71.0846,,,,2018,62,18,106
213,64,61.47,Rapid City,SD,44.0716,-103.2205,,,,2018,101,52,17
214,65,61.43,Billings,MT,45.7889,-108.5509,,,,2018,93,23,52
215,66,61.39,Denver,CO,39.7621,-104.8759,,,,2018,32,63,131
216,67,61.38,Fontana,CA,34.0968,-117.4599,,,,2018,91,66,22
217,68,61.24,Colorado Springs,CO,38.8674,-104.7606,,,,2018,88,59,36
218,69,61,Juneau,AK,58.4546,-134.1739,,,,2018,58,3,152
219,70,60.87,Long Beach,CA,33.798,-118.1675,,,,2018,51,93,116
220,71,60.57,Santa Ana,CA,33.7366,-117.8819,,,,2018,44,110,120
221,72,60.46,Cheyenne,WY,41.1405,-104.7927,,,,2018,96,22,94
222,73,60.35,Washington,DC,38.9047,-77.0163,,,,2018,15,31,171
223,74,60.01,Tallahassee,FL,30.4551,-84.2527,,,,2018,95,38,117
224,75,60,Los Angeles,CA,34.1139,-118.4068,,,,2018,50,72,127
225,76,59.94,Anchorage,AK,61.1508,-149.1091,,,,2018,87,56,72
226,77,59.61,Mesa,AZ,33.4017,-111.7181,,,,2018,79,88,87
227,78,59.59,Las Cruces,NM,32.3265,-106.7893,,,,2018,67,100,86
228,79,59.52,Riverside,CA,33.9381,-117.3948,,,,2018,83,53,101
229,80,59.51,New York,NY,40.6943,-73.9249,,,,2018,71,113,77
230,81,59.15,Dallas,TX,32.7936,-96.7662,,,,2018,27,95,172
231,82,59.06,Moreno Valley,CA,33.9244,-117.2045,,,,2018,94,115,44
232,83,58.99,Nashua,NH,42.7491,-71.491,,,,2018,103,44,93
233,84,58.86,South Burlington,VT,44.4622,-73.2203,,,,2018,75,30,168
234,85,58.86,Ontario,CA,34.0393,-117.6064,,,,2018,90,118,58
235,86,58.82,Portland,OR,45.5371,-122.65,,,,2018,99,12,107
236,87,58.66,Jersey City,NJ,40.7161,-74.0683,,,,2018,77,144,76
237,88,58.48,Reno,NV,39.5497,-119.8483,,,,2018,102,89,61
238,89,58.42,Orlando,FL,28.4772,-81.3369,,,,2018,61,76,154
239,90,58.14,Pittsburgh,PA,40.4396,-79.9763,,,,2018,120,60,35
240,91,58.12,Fort Lauderdale,FL,26.1412,-80.1464,,,,2018,80,105,173
241,92,58.04,Amarillo,TX,35.1989,-101.831,,,,2018,145,21,33
242,93,57.73,Laredo,TX,27.5617,-99.4874,,,,2018,34,69,165
243,94,57.39,San Antonio,TX,29.4658,-98.5254,,,,2018,98,32,139
244,95,57.32,Warwick,RI,41.7062,-71.4334,,,,2018,134,42,8
245,96,57.18,Atlanta,GA,33.7627,-84.4225,,,,2018,68,145,114
246,97,56.78,Kansas City,MO,39.1239,-94.5541,,,,2018,105,131,60
247,98,56.75,Salt Lake City,UT,40.7774,-111.93,,,,2018,100,91,119
248,99,56.66,Chicago,IL,41.8373,-87.6862,,,,2018,53,173,112
249,100,56.54,Modesto,CA,37.6374,-121.0028,,,,2018,124,106,32
250,101,56.51,Casper,WY,42.842,-106.3207,,,,2018,139,81,54
251,102,56.43,Nampa,ID,43.5843,-116.5628,,,,2018,109,140,41
252,103,56.09,Lewiston,ME,44.0915,-70.1681,,,,2018,159,50,66
253,104,55.94,Nashville,TN,36.1715,-86.7843,,,,2018,127,102,42
254,105,55.86,Henderson,NV,36.0146,-115.0362,,,,2018,131,137,25
255,106,55.81,Vancouver,WA,45.6367,-122.597,,,,2018,119,96,70
256,107,55.74,Fort Wayne,IN,41.0885,-85.1436,,,,2018,81,128,137
257,108,55.73,Tacoma,WA,47.2431,-122.4531,,,,2018,110,98,115
258,109,55.48,Huntsville,AL,34.6988,-86.6412,,,,2018,152,82,18
259,110,55.39,Manchester,NH,42.9848,-71.4447,,,,2018,111,78,133
260,111,55.28,West Valley City,UT,40.6889,-112.0115,,,,2018,113,94,125
261,112,55.21,Columbus,OH,39.986,-82.9851,,,,2018,122,138,51
262,113,54.86,Houston,TX,29.7869,-95.3905,,,,2018,55,134,179
263,114,54.7,Sacramento,CA,38.5667,-121.4683,,,,2018,92,85,148
264,115,54.49,Glendale,AZ,33.5797,-112.2258,,,,2018,86,148,145
265,116,53.73,Salem,OR,44.9232,-123.0245,,,,2018,147,20,108
266,117,53.6,Columbia,SC,34.0376,-80.9037,,,,2018,144,39,88
267,118,53.48,Springfield,MO,37.1943,-93.2915,,,,2018,138,107,68
268,119,53.47,Greensboro,NC,36.0956,-79.8268,,,,2018,112,114,111
269,121,53.45,Newport News,VA,37.1051,-76.5185,,,,2018,116,152,98
270,122,53.41,Phoenix,AZ,33.5722,-112.0891,,,,2018,84,141,153
271,123,53.4,Spokane,WA,47.6671,-117.433,,,,2018,140,75,69
272,124,53.25,Hialeah,FL,25.8696,-80.3046,,,,2018,64,168,180
273,125,53.16,Bakersfield,CA,35.353,-119.0359,,,,2018,129,117,102
274,126,52.85,Miami,FL,25.7839,-80.2102,,,,2018,63,120,182
275,127,52.52,Tampa,FL,27.9942,-82.4451,,,,2018,126,108,128
276,128,52.35,San Bernardino,CA,34.1417,-117.2945,,,,2018,107,149,155
277,129,52.1,Wichita,KS,37.6897,-97.3441,,,,2018,114,126,157
278,130,51.77,Lubbock,TX,33.5642,-101.8871,,,,2018,142,14,169
279,131,51.75,Tucson,AZ,32.1545,-110.8782,,,,2018,104,121,160
280,132,51.72,Bridgeport,CT,41.1918,-73.1953,,,,2018,108,153,147
281,133,51.6,Jacksonville,FL,30.3322,-81.6749,,,,2018,132,125,124
282,134,51.57,Norfolk,VA,36.8945,-76.259,,,,2018,118,150,129
283,135,51.53,Oklahoma City,OK,35.4676,-97.5137,,,,2018,156,122,64
284,136,51.36,Worcester,MA,42.2705,-71.8079,,,,2018,133,116,138
285,137,51.34,St. Petersburg,FL,27.793,-82.6652,,,,2018,143,36,161
286,138,51.01,Corpus Christi,TX,27.7261,-97.3755,,,,2018,148,24,164
287,139,50.62,Providence,RI,41.823,-71.4187,,,,2018,158,135,37
288,140,50.52,Winston-Salem,NC,36.1029,-80.261,,,,2018,125,132,144
289,141,50.31,Albuquerque,NM,35.1053,-106.6464,,,,2018,130,109,159
290,142,50.28,Milwaukee,WI,43.0642,-87.9673,,,,2018,115,169,141
291,143,49.96,Louisville,KY,38.1663,-85.6485,,,,2018,165,135,49
292,144,49.75,Indianapolis,IN,39.7771,-86.1458,,,,2018,137,172,89
293,145,49.71,North Las Vegas,NV,36.288,-115.0901,,,,2018,162,162,40
294,146,49.65,Fresno,CA,36.7831,-119.7941,,,,2018,106,163,151
295,147,49.39,Rochester,NY,43.168,-77.6162,,,,2018,123,157,158
296,148,49.2,New Orleans,LA,30.0687,-89.9288,,,,2018,160,133,78
297,149,49,Knoxville,TN,35.9692,-83.9496,,,,2018,170,104,38
298,150,48.8,Cincinnati,OH,39.1412,-84.506,,,,2018,141,165,100
299,151,48.77,Richmond,VA,37.5295,-77.4756,,,,2018,117,159,176
300,152,48.61,Dover,DE,39.161,-75.5203,,,,2018,97,130,177
301,153,48.59,Baton Rouge,LA,30.4419,-91.131,,,,2018,136,103,167
302,154,48.39,Stockton,CA,37.9766,-121.3111,,,,2018,128,151,149
303,155,48.2,Buffalo,NY,42.9017,-78.8487,,,,2018,146,154,135
304,156,47.47,Las Vegas,NV,36.2333,-115.2654,,,,2018,155,156,123
305,157,47.12,Fayetteville,NC,35.0846,-78.9776,,,,2018,169,147,85
306,158,46.85,New Haven,CT,41.3112,-72.9246,,,,2018,150,160,150
307,159,46.39,Baltimore,MD,39.3051,-76.6144,,,,2018,135,158,166
308,160,46.26,Akron,OH,41.0798,-81.5219,,,,2018,157,171,113
309,161,45.84,Augusta,GA,33.3645,-82.0708,,,,2018,164,170,80
310,162,45.59,Chattanooga,TN,35.0657,-85.2487,,,,2018,172,129,97
311,163,45.57,Philadelphia,PA,40.0077,-75.1339,,,,2018,171,143,103
312,164,45.45,Fort Smith,AR,35.3493,-94.3695,,,,2018,177,119,65
313,165,45.07,Montgomery,AL,32.3473,-86.2666,,,,2018,166,175,75
314,166,45.04,Memphis,TN,35.1046,-89.9773,,,,2018,153,179,136
315,167,44.84,Jackson,MS,32.3163,-90.2124,,,,2018,163,177,90
316,168,44.63,St. Louis,MO,38.6358,-90.2451,,,,2018,151,178,146
317,169,44.53,Newark,NJ,40.7245,-74.1725,,,,2018,121,182,170
318,170,43.93,Tulsa,OK,36.1284,-95.9043,,,,2018,168,123,162
319,171,43.73,Toledo,OH,41.6639,-83.5822,,,,2018,167,161,140
320,172,43.58,Shreveport,LA,32.4659,-93.7959,,,,2018,174,164,95
321,173,42.9,Cleveland,OH,41.4767,-81.6805,,,,2018,154,180,156
322,174,42.85,Columbus,GA,32.51,-84.8771,,,,2018,175,167,57
323,175,42.84,Mobile,AL,30.6782,-88.1163,,,,2018,176,174,84
324,176,41.09,Wilmington,DE,39.7415,-75.5413,,,,2018,161,155,181
325,177,40.92,Charleston,WV,38.3484,-81.6323,,,,2018,180,70,121
326,178,39.55,Little Rock,AR,34.7255,-92.358,,,,2018,178,146,118
327,179,39.26,Gulfport,MS,30.4271,-89.0703,,,,2018,179,166,82
328,180,38.72,Huntington,WV,38.4109,-82.4344,,,,2018,181,97,142
329,181,38.35,Birmingham,AL,33.5277,-86.7987,,,,2018,173,176,175
330,182,37.81,Detroit,MI,42.3834,-83.1024,,,,2018,182,181,174
331,,28.65,,,,,,,,2018,,,
332,1,72.3,Plano,TX,33.0502,-96.7487,7,6,,2019,,,8
333,2,71.86,Irvine,CA,33.6772,-117.7738,14,11,,2019,,,5
334,3,71.81,Madison,WI,43.0827,-89.3923,3,14,,2019,,,7
335,4,71.17,Fremont,CA,37.5265,-121.9852,10,37,,2019,,,1
336,5,69.74,Huntington Beach,CA,33.696,-118.0025,6,46,,2019,,,28
337,6,69.57,Fargo,ND,46.8653,-96.8292,17,20,,2019,,,24
338,7,69.3,Grand Prairie,TX,32.687,-97.0209,20,35,,2019,,,6
339,8,68.9,San Jose,CA,37.3021,-121.8489,1,18,,2019,,,44
340,9,68.24,Scottsdale,AZ,33.6872,-111.8651,46,13,,2019,,,2
341,10,67.53,San Francisco,CA,37.7562,-122.443,4,2,,2019,,,125
342,11,67.38,Bismarck,ND,46.814,-100.7695,25,4,,2019,,,45
343,12,67.37,Overland Park,KS,38.887,-94.687,22,56,,2019,,,26
344,13,67.18,Santa Rosa,CA,38.4458,-122.7067,23,53,,2019,,,9
345,14,67.16,Austin,TX,30.3006,-97.7517,15,8,,2019,,,80
346,15,66.97,Sioux Falls,SD,43.5397,-96.7321,11,67,,2019,,,95
347,16,66.77,Pearl City,HI,21.4031,-157.9566,2,147,,2019,,,15
348,17,66.25,Glendale,CA,34.1818,-118.2468,27,102,,2019,,,12
349,18,66.01,San Diego,CA,32.8312,-117.1225,8,36,,2019,,,46
350,19,65.79,St. Paul,MN,44.9477,-93.104,18,70,,2019,,,66
351,20,65.48,Charleston,SC,32.8151,-79.963,74,5,,2019,,,4
352,21,65.07,Gilbert,AZ,33.3103,-111.7463,54,48,,2019,,,10
353,22,65.02,Anaheim,CA,33.839,-117.8573,29,79,,2019,,,34
354,23,64.99,Raleigh,NC,35.8324,-78.6438,13,41,,2019,,,87
355,24,64.96,Cape Coral,FL,26.6445,-81.9955,51,87,,2019,,,3
356,25,64.9,Cedar Rapids,IA,41.9667,-91.6781,41,58,,2019,,,20
357,26,64.82,Minneapolis,MN,44.9635,-93.2678,5,26,,2019,,,137
358,27,64.54,Chula Vista,CA,32.6281,-117.0145,19,117,,2019,,,25
359,28,64.51,Pembroke Pines,FL,26.0128,-80.3382,47,89,,2019,,,14
360,29,64.21,Honolulu,HI,21.3294,-157.846,55,34,,2019,,,17
361,30,64.17,Des Moines,IA,41.5725,-93.6105,39,85,,2019,,,37
362,31,64.07,Irving,TX,32.8584,-96.9702,28,17,,2019,,,119
363,32,64,Santa Clarita,CA,34.4155,-118.4992,24,112,,2019,,,77
364,33,63.83,Chandler,AZ,33.2827,-111.8517,62,55,,2019,,,16
365,34,63.82,Oceanside,CA,33.2247,-117.3083,16,156,,2019,,,29
366,35,63.5,Omaha,NE,41.2628,-96.0498,56,80,,2019,,,19
367,36,63.43,Lincoln,NE,40.8088,-96.6796,32,86,,2019,,,62
368,37,63.16,Oakland,CA,37.7903,-122.2165,12,75,,2019,,,131
369,38,62.82,Billings,MT,45.7889,-108.5509,61,33,,2019,,,51
370,39,62.8,Tempe,AZ,33.3881,-111.9318,66,54,,2019,,,21
371,40,62.7,Garden Grove,CA,33.7787,-117.9601,37,107,,2019,,,67
372,41,62.41,Denver,CO,39.7621,-104.8759,21,64,,2019,,,116
373,42,62.35,Fort Worth,TX,32.7812,-97.3472,44,90,,2019,,,54
374,43,62.31,Burlington,VT,44.4877,-73.2314,53,10,,2019,,,120
375,44,62.3,Peoria,AZ,33.7844,-112.299,65,77,,2019,,,23
376,45,61.96,Port St. Lucie,FL,27.2796,-80.3884,76,73,,2019,,,13
377,46,61.94,Boise,ID,43.6007,-116.2312,68,19,,2019,,,48
378,47,61.86,Garland,TX,32.91,-96.6305,31,120,,2019,,,103
379,48,61.83,Aurora,CO,39.7084,-104.7274,26,121,,2019,,,104
380,49,61.73,El Paso,TX,31.8479,-106.4309,58,98,,2019,,,39
381,49,61.73,Arlington,TX,32.6998,-97.1251,40,128,,2019,,,59
382,51,61.68,Washington,DC,38.9047,-77.0163,9,40,,2019,,,167
383,52,61.22,Charlotte,NC,35.2079,-80.8304,52,92,,2019,,,57
384,53,61.16,Fort Lauderdale,FL,26.1412,-80.1464,59,60,,2019,,,92
385,54,61.11,Seattle,WA,47.6211,-122.3244,36,1,,2019,,,171
386,55,61.05,Aurora,IL,41.7637,-88.2901,38,164,,2019,,,56
387,56,60.99,Missoula,MT,46.8685,-114.0095,57,52,,2019,,,91
388,57,60.96,Santa Ana,CA,33.7366,-117.8819,50,103,,2019,,,73
389,58,60.96,Boston,MA,42.3188,-71.0846,34,12,,2019,,,152
390,59,60.96,Colorado Springs,CO,38.8674,-104.7606,72,69,,2019,,,36
391,60,60.9,Durham,NC,35.9795,-78.9032,30,28,,2019,,,113
392,61,60.83,Portland,ME,43.6773,-70.2715,48,49,,2019,,,149
393,62,60.33,Grand Rapids,MI,42.9615,-85.6557,83,31,,2019,,,49
394,63,60.14,Rancho Cucamonga,CA,34.1248,-117.5666,79,32,,2019,,,68
395,64,60.11,Salt Lake City,UT,40.7774,-111.93,80,9,,2019,,,82
396,65,60.1,Yonkers,NY,40.9466,-73.8674,45,157,,2019,,,79
397,66,60.08,Las Cruces,NM,32.3265,-106.7893,33,123,,2019,,,69
398,67,60.07,Rapid City,SD,44.0716,-103.2205,86,30,,2019,,,64
399,68,59.82,Dallas,TX,32.7936,-96.7662,35,109,,2019,,,123
400,69,59.81,South Burlington,VT,44.4622,-73.2203,90,63,,2019,,,31
401,70,59.71,Virginia Beach,VA,36.7335,-76.0435,73,105,,2019,,,43
402,71,59.58,Long Beach,CA,33.798,-118.1675,42,138,,2019,,,108
403,72,59.53,Anchorage,AK,61.1508,-149.1091,84,82,,2019,,,41
404,73,59.51,Cheyenne,WY,41.1405,-104.7927,78,23,,2019,,,127
405,74,59.47,Columbia,MD,39.2004,-76.859,49,101,,2019,,,138
406,75,59.25,Mesa,AZ,33.4017,-111.7181,77,116,,2019,,,47
407,76,58.63,Chesapeake,VA,36.6778,-76.3024,94,122,,2019,,,27
408,77,58.58,Reno,NV,39.5497,-119.8483,98,50,,2019,,,52
409,78,58.54,Tallahassee,FL,30.4551,-84.2527,91,42,,2019,,,85
410,79,58.46,Atlanta,GA,33.7627,-84.4225,64,88,,2019,,,100
411,80,58.36,Oxnard,CA,34.1962,-119.1819,71,151,,2019,,,30
412,81,58.2,Nampa,ID,43.5843,-116.5628,102,137,,2019,,,11
413,82,58.12,Los Angeles,CA,34.1139,-118.4068,43,104,,2019,,,146
414,83,58.04,Orlando,FL,28.4772,-81.3369,85,24,,2019,,,107
415,84,57.72,Portland,OR,45.5371,-122.65,92,27,,2019,,,102
416,85,57.71,Salem,OR,44.9232,-123.0245,101,29,,2019,,,90
417,86,57.55,Brownsville,TX,25.998,-97.4565,95,68,,2019,,,88
418,87,57.45,Pittsburgh,PA,40.4396,-79.9763,112,21,,2019,,,60
419,88,57.25,Riverside,CA,33.9381,-117.3948,100,22,,2019,,,105
420,89,57.23,Fontana,CA,34.0968,-117.4599,106,72,,2019,,,50
421,90,57.1,New York,NY,40.6943,-73.9249,70,152,,2019,,,74
422,91,57.09,Nashua,NH,42.7491,-71.491,82,100,,2019,,,96
423,92,57,Huntsville,AL,34.6988,-86.6412,130,47,,2019,,,22
424,93,56.85,Jersey City,NJ,40.7161,-74.0683,93,168,,2019,,,33
425,94,56.83,West Valley City,UT,40.6889,-112.0115,103,78,,2019,,,81
426,95,56.49,Manchester,NH,42.9848,-71.4447,96,113,,2019,,,63
427,96,56.35,Ontario,CA,34.0393,-117.6064,107,84,,2019,,,70
428,97,56.34,San Antonio,TX,29.4658,-98.5254,115,57,,2019,,,55
429,98,56.21,Amarillo,TX,35.1989,-101.831,119,45,,2019,,,78
430,99,56.17,Vancouver,WA,45.6367,-122.597,108,97,,2019,,,61
431,100,56.02,Tampa,FL,27.9942,-82.4451,121,38,,2019,,,58
432,101,55.97,Miami,FL,25.7839,-80.2102,63,39,,2019,,,179
433,102,55.94,Dover,DE,39.161,-75.5203,81,61,,2019,,,145
434,103,55.61,Moreno Valley,CA,33.9244,-117.2045,111,108,,2019,,,65
435,104,55.36,Glendale,AZ,33.5797,-112.2258,89,159,,2019,,,86
436,105,55.34,Nashville,TN,36.1715,-86.7843,126,96,,2019,,,35
437,106,55.33,Houston,TX,29.7869,-95.3905,69,132,,2019,,,139
438,107,55.2,Chicago,IL,41.8373,-87.6862,60,175,,2019,,,114
439,108,54.93,Columbia,SC,34.0376,-80.9037,137,7,,2019,,,83
440,109,54.9,Greensboro,NC,36.0956,-79.8268,97,94,,2019,,,98
441,110,54.55,Lewiston,ME,44.0915,-70.1681,151,43,,2019,,,84
442,111,54.4,Laredo,TX,27.5617,-99.4874,75,66,,2019,,,173
443,112,54.33,Hialeah,FL,25.8696,-80.3046,67,160,,2019,,,169
444,113,54.13,Henderson,NV,36.0146,-115.0362,120,125,,2019,,,53
445,115,54.13,Sacramento,CA,38.5667,-121.4683,114,59,,2019,,,118
446,116,53.96,Modesto,CA,37.6374,-121.0028,117,81,,2019,,,121
447,117,53.5,Newport News,VA,37.1051,-76.5185,105,155,,2019,,,128
448,118,53.29,Tucson,AZ,32.1545,-110.8782,99,114,,2019,,,134
449,119,53.19,Springfield,MO,37.1943,-93.2915,132,106,,2019,,,71
450,120,53.03,St. Petersburg,FL,27.793,-82.6652,135,25,,2019,,,133
451,121,52.76,Richmond,VA,37.5295,-77.4756,104,139,,2019,,,157
452,122,52.66,Tacoma,WA,47.2431,-122.4531,109,140,,2019,,,153
453,123,52.59,Warwick,RI,41.7062,-71.4334,136,44,,2019,,,151
454,124,52.41,Lubbock,TX,33.5642,-101.8871,133,16,,2019,,,142
455,125,52.29,Casper,WY,42.842,-106.3207,161,71,,2019,,,97
456,126,51.99,Kansas City,MO,39.1239,-94.5541,110,148,,2019,,,129
457,127,51.96,Phoenix,AZ,33.5722,-112.0891,87,136,,2019,,,172
458,128,51.94,Oklahoma City,OK,35.4676,-97.5137,155,110,,2019,,,38
459,129,51.59,Corpus Christi,TX,27.7261,-97.3755,145,15,,2019,,,124
460,130,51.5,Winston-Salem,NC,36.1029,-80.261,116,118,,2019,,,141
461,131,51.44,Juneau,AK,58.4546,-134.1739,160,3,,2019,,,175
462,132,51.21,Albuquerque,NM,35.1053,-106.6464,123,111,,2019,,,150
463,133,51.15,Columbus,OH,39.986,-82.9851,128,133,,2019,,,111
464,134,51.14,Bakersfield,CA,35.353,-119.0359,139,74,,2019,,,126
465,135,50.98,Bridgeport,CT,41.1918,-73.1953,88,169,,2019,,,161
466,136,50.92,Jacksonville,FL,30.3322,-81.6749,153,95,,2019,,,72
467,137,50.55,Knoxville,TN,35.9692,-83.9496,166,62,,2019,,,32
468,138,50.43,Louisville,KY,38.1663,-85.6485,158,124,,2019,,,42
469,139,50.31,Norfolk,VA,36.8945,-76.259,129,129,,2019,,,143
470,140,49.97,Chattanooga,TN,35.0657,-85.2487,167,99,,2019,,,40
471,141,49.94,Wichita,KS,37.6897,-97.3441,138,131,,2019,,,130
472,142,49.79,Worcester,MA,42.2705,-71.8079,125,149,,2019,,,159
473,143,49.77,Rochester,NY,43.168,-77.6162,134,142,,2019,,,140
474,144,49.76,San Bernardino,CA,34.1417,-117.2945,124,134,,2019,,,166
475,145,49.56,Buffalo,NY,42.9017,-78.8487,144,126,,2019,,,117
476,146,49.22,Fresno,CA,36.7831,-119.7941,127,119,,2019,,,158
477,147,48.86,Milwaukee,WI,43.0642,-87.9673,122,172,,2019,,,147
478,148,48.75,Baton Rouge,LA,30.4419,-91.131,140,93,,2019,,,168
479,149,48.56,Stockton,CA,37.9766,-121.3111,118,150,,2019,,,165
480,150,48.35,Spokane,WA,47.6671,-117.433,142,91,,2019,,,176
481,151,48.08,Indianapolis,IN,39.7771,-86.1458,147,177,,2019,,,89
482,152,47.83,Fort Wayne,IN,41.0885,-85.1436,152,143,,2019,,,132
483,153,47.63,New Orleans,LA,30.0687,-89.9288,164,127,,2019,,,76
484,154,47.57,North Las Vegas,NV,36.288,-115.0901,157,158,,2019,,,99
485,155,47.19,Las Vegas,NV,36.2333,-115.2654,149,146,,2019,,,144
486,156,47.02,Tulsa,OK,36.1284,-95.9043,170,83,,2019,,,110
487,157,46.5,Wilmington,DE,39.7415,-75.5413,156,144,,2019,,,154
488,158,46.32,Providence,RI,41.823,-71.4187,169,115,,2019,,,122
489,159,45.81,New Haven,CT,41.3112,-72.9246,131,141,,2019,,,182
490,160,45.56,Montgomery,AL,32.3473,-86.2666,143,176,,2019,,,155
491,161,45.48,Baltimore,MD,39.3051,-76.6144,148,161,,2019,,,177
492,162,44.75,Jackson,MS,32.3163,-90.2124,150,178,,2019,,,178
493,163,44.7,Shreveport,LA,32.4659,-93.7959,171,173,,2019,,,75
494,164,44.59,Memphis,TN,35.1046,-89.9773,146,179,,2019,,,156
495,165,44.45,Philadelphia,PA,40.0077,-75.1339,168,165,,2019,,,115
496,166,44.27,Columbus,GA,32.51,-84.8771,174,154,,2019,,,109
497,167,44.27,Fayetteville,NC,35.0846,-78.9776,159,153,,2019,,,170
498,168,44.17,Akron,OH,41.0798,-81.5219,154,166,,2019,,,174
499,169,44.05,Cincinnati,OH,39.1412,-84.506,165,145,,2019,,,162
500,170,43.5,Fort Smith,AR,35.3493,-94.3695,176,135,,2019,,,136
501,171,43.33,St. Louis,MO,38.6358,-90.2451,162,170,,2019,,,160
502,172,42.85,Augusta,GA,33.3645,-82.0708,175,163,,2019,,,106
503,173,42.38,Mobile,AL,30.6782,-88.1163,172,174,,2019,,,135
504,174,42.22,Newark,NJ,40.7245,-74.1725,141,182,,2019,,,180
505,175,41.86,Huntington,WV,38.4109,-82.4344,182,51,,2019,,,18
506,176,41.58,Little Rock,AR,34.7255,-92.358,178,130,,2019,,,101
507,177,41.4,Gulfport,MS,30.4271,-89.0703,179,162,,2019,,,94
508,178,41.06,Cleveland,OH,41.4767,-81.6805,163,180,,2019,,,164
509,179,40.81,Birmingham,AL,33.5277,-86.7987,173,167,,2019,,,163
510,180,40.78,Charleston,WV,38.3484,-81.6323,180,65,,2019,,,93
511,181,39.68,Toledo,OH,41.6639,-83.5822,177,171,,2019,,,148
512,182,39.48,Detroit,MI,42.3834,-83.1024,181,181,,2019,,,181
513,,29.19,,,,,,,,2019,,,
514,1,75.32,Fremont,CA,37.5265,-121.9852,,28,,2020,4,,5
515,2,73.23,Plano,TX,33.0502,-96.7487,,9,,2020,6,,16
516,3,73.2,San Jose,CA,37.3021,-121.8489,,11,,2020,1,,64
517,4,72.81,Irvine,CA,33.6772,-117.7738,,13,,2020,7,,19
518,5,72.19,Madison,WI,43.0827,-89.3923,,21,,2020,5,,13
519,6,70.26,Sioux Falls,SD,43.5397,-96.7321,,45,,2020,13,,21
520,7,69.9,Huntington Beach,CA,33.696,-118.0025,,70,,2020,8,,44
521,8,69.49,Scottsdale,AZ,33.6872,-111.8651,,7,,2020,51,,2
522,9,69.33,Santa Rosa,CA,38.4458,-122.7067,,34,,2020,10,,32
523,10,69.13,Pearl City,HI,21.4031,-157.9566,,128,,2020,3,,12
524,11,68.86,Bismarck,ND,46.814,-100.7695,,15,,2020,18,,31
525,12,68.41,Fargo,ND,46.8653,-96.8292,,32,,2020,26,,30
526,13,68.33,Lincoln,NE,40.8088,-96.6796,,68,,2020,24,,24
527,14,68.3,San Francisco,CA,37.7562,-122.443,,2,,2020,2,,158
528,15,68.23,Overland Park,KS,38.887,-94.687,,48,,2020,35,,8
529,16,67.86,Santa Clarita,CA,34.4155,-118.4992,,127,,2020,17,,29
530,17,67.66,Oceanside,CA,33.2247,-117.3083,,117,,2020,15,,15
531,18,67.64,Glendale,CA,34.1818,-118.2468,,98,,2020,22,,26
532,19,67.1,Anaheim,CA,33.839,-117.8573,,65,,2020,23,,43
533,20,66.96,Cape Coral,FL,26.6445,-81.9955,,63,,2020,52,,3
534,21,66.8,Pembroke Pines,FL,26.0128,-80.3382,,134,,2020,28,,10
535,22,66.54,Austin,TX,30.3006,-97.7517,,6,,2020,12,,118
536,23,66.37,Gilbert,AZ,33.3103,-111.7463,,36,,2020,56,,11
537,24,66.34,San Diego,CA,32.8312,-117.1225,,26,,2020,9,,73
538,25,66.21,Chula Vista,CA,32.6281,-117.0145,,99,,2020,19,,34
539,26,66.19,Garden Grove,CA,33.7787,-117.9601,,101,,2020,31,,33
540,27,65.89,Grand Prairie,TX,32.687,-97.0209,,74,,2020,46,,23
541,28,65.86,Charleston,SC,32.8151,-79.963,,3,,2020,80,,4
542,29,65.64,Cedar Rapids,IA,41.9667,-91.6781,,38,,2020,54,,18
543,30,65.44,Minneapolis,MN,44.9635,-93.2678,,47,,2020,14,,112
544,31,65.2,Raleigh,NC,35.8324,-78.6438,,59,,2020,25,,62
545,32,64.92,Aurora,CO,39.7084,-104.7274,,124,,2020,32,,48
546,33,64.92,Chandler,AZ,33.2827,-111.8517,,42,,2020,63,,20
547,34,64.88,Des Moines,IA,41.5725,-93.6105,,66,,2020,47,,46
548,35,64.8,Irving,TX,32.8584,-96.9702,,17,,2020,37,,106
549,36,64.58,Columbia,MD,39.2004,-76.859,,106,,2020,20,,98
550,37,64.54,Oxnard,CA,34.1962,-119.1819,,137,,2020,45,,9
551,38,64.49,Peoria,AZ,33.7844,-112.299,,67,,2020,69,,6
552,39,64.27,Oakland,CA,37.7903,-122.2165,,79,,2020,11,,132
553,40,64.14,St. Paul,MN,44.9477,-93.104,,96,,2020,38,,60
554,41,63.96,Fort Lauderdale,FL,26.1412,-80.1464,,62,,2020,42,,88
555,42,63.96,Yonkers,NY,40.9466,-73.8674,,160,,2020,21,,68
556,43,63.8,Garland,TX,32.91,-96.6305,,122,,2020,41,,57
557,44,63.7,Tempe,AZ,33.3881,-111.9318,,35,,2020,72,,27
558,45,63.62,Boise,ID,43.6007,-116.2312,,12,,2020,66,,54
559,46,63.38,Durham,NC,35.9795,-78.9032,,27,,2020,48,,72
560,47,63.01,Las Cruces,NM,32.3265,-106.7893,,116,,2020,58,,7
561,48,62.98,Aurora,IL,41.7637,-88.2901,,157,,2020,30,,66
562,49,62.88,Charlotte,NC,35.2079,-80.8304,,86,,2020,55,,49
563,50,62.81,Omaha,NE,41.2628,-96.0498,,73,,2020,64,,38
564,51,62.71,Boston,MA,42.3188,-71.0846,,8,,2020,33,,149
565,52,62.7,Rancho Cucamonga,CA,34.1248,-117.5666,,33,,2020,68,,59
566,53,62.65,Santa Ana,CA,33.7366,-117.8819,,78,,2020,43,,101
567,54,62.6,Denver,CO,39.7621,-104.8759,,88,,2020,34,,105
568,55,62.54,Seattle,WA,47.6211,-122.3244,,1,,2020,27,,173
569,56,62.47,Honolulu,HI,21.3294,-157.846,,54,,2020,71,,37
570,57,62.21,Port St. Lucie,FL,27.2796,-80.3884,,77,,2020,83,,14
571,58,62.2,Nashua,NH,42.7491,-71.491,,76,,2020,59,,51
572,59,62.04,Rapid City,SD,44.0716,-103.2205,,23,,2020,105,,1
573,60,61.97,Fort Worth,TX,32.7812,-97.3472,,102,,2020,50,,91
574,61,61.95,Arlington,TX,32.6998,-97.1251,,132,,2020,49,,82
575,62,61.92,Long Beach,CA,33.798,-118.1675,,144,,2020,36,,96
576,63,61.88,Portland,ME,43.6773,-70.2715,,10,,2020,60,,128
577,64,61.65,Colorado Springs,CO,38.8674,-104.7606,,64,,2020,78,,42
578,65,61.37,Washington,DC,38.9047,-77.0163,,60,,2020,16,,177
579,66,61.02,Grand Rapids,MI,42.9615,-85.6557,,25,,2020,91,,47
580,67,60.97,Nampa,ID,43.5843,-116.5628,,104,,2020,84,,28
581,68,60.97,El Paso,TX,31.8479,-106.4309,,120,,2020,76,,41
582,69,60.93,Mesa,AZ,33.4017,-111.7181,,91,,2020,82,,36
583,70,60.84,Salt Lake City,UT,40.7774,-111.93,,51,,2020,74,,78
584,71,60.54,Manchester,NH,42.9848,-71.4447,,108,,2020,75,,45
585,72,60.51,Virginia Beach,VA,36.7335,-76.0435,,126,,2020,79,,39
586,73,60.48,Billings,MT,45.7889,-108.5509,,40,,2020,81,,84
587,74,60.46,Burlington,VT,44.4877,-73.2314,,14,,2020,61,,176
588,75,60.41,Miami,FL,25.7839,-80.2102,,50,,2020,29,,170
589,76,59.77,Dallas,TX,32.7936,-96.7662,,92,,2020,44,,148
590,77,59.62,Reno,NV,39.5497,-119.8483,,16,,2020,98,,79
591,78,59.49,Fontana,CA,34.0968,-117.4599,,71,,2020,94,,53
592,79,59.43,Brownsville,TX,25.998,-97.4565,,90,,2020,106,,22
593,80,59.42,Los Angeles,CA,34.1139,-118.4068,,93,,2020,39,,161
594,81,59.39,Chesapeake,VA,36.6778,-76.3024,,145,,2020,100,,25
595,81,59.39,Ontario,CA,34.0393,-117.6064,,41,,2020,95,,74
596,83,59.34,Riverside,CA,33.9381,-117.3948,,18,,2020,77,,129
597,84,59.25,Tallahassee,FL,30.4551,-84.2527,,39,,2020,88,,94
598,85,59.23,Lewiston,ME,44.0915,-70.1681,,4,,2020,148,,63
599,86,59.09,New York,NY,40.6943,-73.9249,,158,,2020,53,,100
600,87,58.93,Moreno Valley,CA,33.9244,-117.2045,,103,,2020,89,,58
601,88,58.83,Missoula,MT,46.8685,-114.0095,,58,,2020,65,,140
602,89,58.61,Jersey City,NJ,40.7161,-74.0683,,168,,2020,62,,76
603,90,58.48,Portland,OR,45.5371,-122.65,,57,,2020,85,,99
604,91,58.32,Atlanta,GA,33.7627,-84.4225,,110,,2020,70,,111
605,92,58.29,Orlando,FL,28.4772,-81.3369,,20,,2020,86,,121
606,93,58.17,Modesto,CA,37.6374,-121.0028,,52,,2020,87,,110
607,94,58.16,Hialeah,FL,25.8696,-80.3046,,166,,2020,40,,164
608,95,58.15,Vancouver,WA,45.6367,-122.597,,123,,2020,97,,56
609,96,58.14,Pittsburgh,PA,40.4396,-79.9763,,37,,2020,114,,67
610,97,57.94,Tampa,FL,27.9942,-82.4451,,53,,2020,107,,75
611,98,57.67,West Valley City,UT,40.6889,-112.0115,,109,,2020,102,,65
612,99,57.49,Sacramento,CA,38.5667,-121.4683,,29,,2020,96,,120
613,100,57.32,Huntsville,AL,34.6988,-86.6412,,55,,2020,135,,17
614,101,57.03,Cheyenne,WY,41.1405,-104.7927,,30,,2020,112,,141
615,102,56.91,Dover,DE,39.161,-75.5203,,72,,2020,99,,107
616,103,56.32,Henderson,NV,36.0146,-115.0362,,107,,2020,120,,61
617,104,56.27,Glendale,AZ,33.5797,-112.2258,,143,,2020,93,,102
618,105,56.2,Bridgeport,CT,41.1918,-73.1953,,163,,2020,67,,109
619,106,56.2,Nashville,TN,36.1715,-86.7843,,114,,2020,129,,35
620,107,56.1,South Burlington,VT,44.4622,-73.2203,,31,,2020,108,,153
621,108,55.98,Anchorage,AK,61.1508,-149.1091,,82,,2020,92,,143
622,109,55.84,Salem,OR,44.9232,-123.0245,,49,,2020,116,,124
623,110,55.62,San Antonio,TX,29.4658,-98.5254,,69,,2020,123,,85
624,111,55.56,Houston,TX,29.7869,-95.3905,,131,,2020,73,,159
625,112,55.55,Winston-Salem,NC,36.1029,-80.261,,94,,2020,110,,108
626,113,55.29,Chicago,IL,41.8373,-87.6862,,177,,2020,57,,142
627,114,54.59,Tacoma,WA,47.2431,-122.4531,,148,,2020,103,,114
628,115,54.56,St. Petersburg,FL,27.793,-82.6652,,43,,2020,125,,115
629,116,54.32,Fort Wayne,IN,41.0885,-85.1436,,115,,2020,136,,50
630,117,54.23,Amarillo,TX,35.1989,-101.831,,44,,2020,150,,55
631,119,54.14,Phoenix,AZ,33.5722,-112.0891,,130,,2020,90,,156
632,120,54.13,Bakersfield,CA,35.353,-119.0359,,46,,2020,122,,135
633,121,54.07,Laredo,TX,27.5617,-99.4874,,56,,2020,109,,172
634,122,53.94,Worcester,MA,42.2705,-71.8079,,113,,2020,117,,126
635,123,53.9,Tucson,AZ,32.1545,-110.8782,,112,,2020,101,,145
636,124,53.82,Columbia,SC,34.0376,-80.9037,,19,,2020,145,,69
637,125,53.8,Greensboro,NC,36.0956,-79.8268,,95,,2020,113,,131
638,126,53.78,Warwick,RI,41.7062,-71.4334,,83,,2020,131,,104
639,127,53.65,Richmond,VA,37.5295,-77.4756,,150,,2020,111,,137
640,128,53.28,Lubbock,TX,33.5642,-101.8871,,24,,2020,141,,136
641,129,52.98,Springfield,MO,37.1943,-93.2915,,105,,2020,137,,97
642,130,52.83,San Bernardino,CA,34.1417,-117.2945,,121,,2020,118,,152
643,131,52.49,Casper,WY,42.842,-106.3207,,61,,2020,164,,119
644,132,52.41,Albuquerque,NM,35.1053,-106.6464,,97,,2020,121,,160
645,133,52.05,Corpus Christi,TX,27.7261,-97.3755,,22,,2020,147,,125
646,134,51.98,Chattanooga,TN,35.0657,-85.2487,,141,,2020,142,,77
647,135,51.8,Jacksonville,FL,30.3322,-81.6749,,118,,2020,151,,70
648,136,51.7,Newport News,VA,37.1051,-76.5185,,165,,2020,124,,123
649,137,51.4,Columbus,OH,39.986,-82.9851,,153,,2020,132,,113
650,138,51.31,Knoxville,TN,35.9692,-83.9496,,85,,2020,160,,52
651,139,51.13,Rochester,NY,43.168,-77.6162,,111,,2020,133,,146
652,140,50.84,Fresno,CA,36.7831,-119.7941,,100,,2020,115,,178
653,141,50.82,Spokane,WA,47.6671,-117.433,,84,,2020,134,,165
654,142,50.78,Oklahoma City,OK,35.4676,-97.5137,,125,,2020,153,,81
655,143,50.61,Fort Smith,AR,35.3493,-94.3695,,75,,2020,171,,71
656,144,50.55,Fayetteville,NC,35.0846,-78.9776,,155,,2020,154,,40
657,145,50.53,Wichita,KS,37.6897,-97.3441,,129,,2020,138,,134
658,146,50.43,Norfolk,VA,36.8945,-76.259,,151,,2020,140,,116
659,147,50.24,Providence,RI,41.823,-71.4187,,81,,2020,155,,92
660,148,50.22,Stockton,CA,37.9766,-121.3111,,149,,2020,119,,162
661,149,49.99,New Haven,CT,41.3112,-72.9246,,133,,2020,126,,175
662,150,49.72,North Las Vegas,NV,36.288,-115.0901,,152,,2020,156,,89
663,151,49.63,Buffalo,NY,42.9017,-78.8487,,139,,2020,149,,122
664,152,49.37,Juneau,AK,58.4546,-134.1739,,5,,2020,162,,181
665,153,49.3,Kansas City,MO,39.1239,-94.5541,,147,,2020,130,,167
666,154,49.26,Las Vegas,NV,36.2333,-115.2654,,136,,2020,144,,144
667,155,48.96,Indianapolis,IN,39.7771,-86.1458,,174,,2020,146,,86
668,156,48.95,Louisville,KY,38.1663,-85.6485,,156,,2020,163,,80
669,157,48.35,Milwaukee,WI,43.0642,-87.9673,,178,,2020,127,,151
670,158,48.19,New Orleans,LA,30.0687,-89.9288,,135,,2020,167,,103
671,159,47.64,Wilmington,DE,39.7415,-75.5413,,140,,2020,161,,138
672,160,47.36,Montgomery,AL,32.3473,-86.2666,,170,,2020,158,,95
673,161,46.79,Baltimore,MD,39.3051,-76.6144,,173,,2020,139,,166
674,162,46.76,Jackson,MS,32.3163,-90.2124,,179,,2020,143,,127
675,163,46.64,Baton Rouge,LA,30.4419,-91.131,,138,,2020,152,,163
676,164,46.62,Philadelphia,PA,40.0077,-75.1339,,161,,2020,165,,117
677,165,46.23,Shreveport,LA,32.4659,-93.7959,,175,,2020,169,,87
678,166,45.6,Columbus,GA,32.51,-84.8771,,146,,2020,176,,90
679,167,45.24,Cincinnati,OH,39.1412,-84.506,,142,,2020,159,,174
680,168,44.79,Newark,NJ,40.7245,-74.1725,,181,,2020,128,,180
681,169,44.15,Tulsa,OK,36.1284,-95.9043,,87,,2020,172,,155
682,170,44.14,Akron,OH,41.0798,-81.5219,,169,,2020,170,,147
683,171,43.54,St. Louis,MO,38.6358,-90.2451,,167,,2020,166,,157
684,172,43.44,Memphis,TN,35.1046,-89.9773,,180,,2020,157,,154
685,173,43.42,Mobile,AL,30.6782,-88.1163,,171,,2020,173,,150
686,174,42.15,Little Rock,AR,34.7255,-92.358,,154,,2020,177,,93
687,175,42.15,Augusta,GA,33.3645,-82.0708,,162,,2020,175,,133
688,176,42.02,Birmingham,AL,33.5277,-86.7987,,159,,2020,174,,168
689,177,41.43,Gulfport,MS,30.4271,-89.0703,,172,,2020,178,,83
690,178,41.42,Cleveland,OH,41.4767,-81.6805,,176,,2020,168,,179
691,179,39.36,Huntington,WV,38.4109,-82.4344,,80,,2020,182,,130
692,180,39.09,Toledo,OH,41.6639,-83.5822,,164,,2020,179,,171
693,181,37.99,Charleston,WV,38.3484,-81.6323,,89,,2020,180,,169
694,182,36.21,Detroit,MI,42.3834,-83.1024,,182,,2020,181,,182
695,,29.06,,,,,,,,2020,,,
